customer_id,first_name,last_name,email,phone,city,age,signup_date,status
100,Rakesh,Yadav,rakesh.yadav@gmail.com,9037239105,Kolkata,51,2024-05-14,INACTIVE
101,Meena,Yadav,meena.yadav@gmail.com,9041205578,Kolkata,52,2023-02-18,ACTIVE
102,Pooja,Nair,pooja.nair@gmail.com,9456277359,Delhi,30,2024-10-21,INACTIVE
103,Pooja,Iyer,pooja.iyer@gmail.com,9444095918,Pune,,2025-02-24,ACTIVE
104,Priya,Yadav,priya.yadav@gmail.com,9757024022,Chennai,49,,ACTIVE
105,John,Sharma,john.sharma@gmail.com,9437448049,Kolkata,200,2024-03-18,ACTIVE
106,Anita,Nair,anita.nair@gmail.com,9178163106,Bangalore,49,2023-04-05,INACTIVE
107,Sneha,Reddy,sneha.reddy@gmail.com,9609358524,Pune,32,2024-01-15,INACTIVE
108,Vikram,Nair,vikram.nair@gmail.com,9739995141,Pune,,2024-10-11,UNKNOWN
109,Rahul,Kumari,rahul.kumari@gmail.com,9086119100,Hyderabad,29,2024-01-23,ACTIVE
110,Sneha,Nair,sneha.nair@gmail.com,9755582196,Kolkata,,2024-03-14,INACTIVE
111,Pooja,Patel,pooja.patel@gmail.com,9367657910,Chennai,37,2023-10-01,ACTIVE
112,Vikram,Patel,vikram.patel@gmail.com,9911022453,Chennai,56,2024-08-13,INACTIVE
113,Priya,Reddy,priya.reddy@gmail.com,9074936542,Kolkata,51,2023-06-09,ACTIVE
114,Suresh,Doe,suresh.doe@gmail.com,9288088899,Pune,54,2023-01-21,INACTIVE
115,Anita,Singh,anita.singhgmail.com,9988652454,Chennai,26,2023-08-09,ACTIVE
116,Neha,Kumari,neha.kumari@gmail.com,9510662849,Hyderabad,50,2023-01-13,INACTIVE
117,Kiran,Yadav,kiran.yadav@gmail.com,9482482958,Bangalore,27,2023-01-24,INACTIVE
118,Anita,Doe,anita.doe@gmail.com,9891659658,Bangalore,56,2023-08-09,UNKNOWN
119,Amit,Yadav,amit.yadav@gmail.com,9945657540,Hyderabad,52,2023-09-19,INACTIVE
120,Meena,Yadav,meena.yadav@gmail.com,notaphone,Pune,47,2024-10-25,UNKNOWN
121,Rahul,Verma,rahul.vermagmail.com,9543068638,Hyderabad,57,2025-01-08,INACTIVE
122,Kiran,Sharma,kiran.sharma@gmail.com,9416678315,Kolkata,27,2024-09-13,ACTIVE
123,Amit,Nair,amit.nair@gmail.com,9280937213,Bangalore,18,2024-06-18,ACTIVE
124,Vikram,Reddy,vikram.reddy@gmail.com,9648790907,Bangalore,28,2023-03-12,INACTIVE
125,Meena,Patel,meena.patel@gmail.com,9405023738,Kolkata,48,2024-10-04,INACTIVE
126,Meena,Khan,meena.khan@gmail.com,9719573512,Pune,46,2023-07-19,ACTIVE
127,Priya,Sharma,priya.sharma@gmail.com,9193966366,Chennai,18,2023-02-23,INACTIVE
128,Kiran,Doe,kiran.doe@gmail.com,9179687881,Chennai,51,2023-06-11,INACTIVE
129,Kiran,Reddy,kiran.reddy@gmail.com,9995956312,Chennai,,2023-01-27,UNKNOWN
130,Rahul,Patel,rahul.patel@gmail.com,9488554823,Pune,57,2023-11-15,ACTIVE
131,Pooja,Verma,pooja.verma@gmail.com,9674822881,Delhi,24,2024-06-11,ACTIVE
132,Rakesh,Khan,rakesh.khan@gmail.com,9097364139,Bangalore,21,2024-09-27,INACTIVE
133,Suresh,Yadav,suresh.yadav@gmail.com,9054598941,Mumbai,32,2023-03-30,INACTIVE
134,Ravi,Reddy,ravi.reddy@gmail.com,9538658095,Chennai,51,2024-04-29,UNKNOWN
135,Kiran,Patel,kiran.patel@gmail.com,9126332963,Mumbai,48,2024-04-21,UNKNOWN
136,Vikram,Khan,vikram.khan@gmail.com,9807750257,Delhi,18,2024-10-30,UNKNOWN
137,Vikram,Sharma,vikram.sharma@gmail.com,9587934190,Chennai,27,2024-02-29,UNKNOWN
138,,Doe,.doe@gmail.com,9285377031,Mumbai,24,2024-06-01,UNKNOWN
139,Arjun,Patel,arjun.patel@gmail.com,9795613365,Pune,60,2024-03-06,UNKNOWN
140,Amit,Khan,amit.khan@gmail.com,9168704801,Kolkata,39,2025-01-25,UNKNOWN
141,Kiran,Reddy,kiran.reddy@gmail.com,9944628241,Pune,46,2024-02-07,ACTIVE
142,Kiran,Doe,kiran.doe@gmail.com,9061882139,Chennai,49,2024-11-04,UNKNOWN
143,Rahul,Nair,rahul.nair@gmail.com,9109068904,Chennai,25,2023-05-31,ACTIVE
144,Vikram,Singh,vikram.singh@gmail.com,9385180974,Bangalore,20,2024-02-24,INACTIVE
145,Suresh,Yadav,suresh.yadav@gmail.com,9763085363,Mumbai,58,2023-02-03,INACTIVE
146,Priya,Khan,priya.khangmail.com,9349870840,Hyderabad,40,2025-02-19,UNKNOWN
147,Amit,Nair,amit.nair@gmail.com,9079607918,Pune,34,2024-11-01,UNKNOWN
148,Rahul,Verma,rahul.verma@gmail.com,9345632659,Chennai,19,2024-11-01,UNKNOWN
149,Sneha,Doe,sneha.doe@gmail.com,9072838063,Chennai,34,2023-02-17,INACTIVE
150,Sneha,Patel,sneha.patel@gmail.com,9016188970,Bangalore,21,2024-02-13,UNKNOWN
151,Arjun,Yadav,arjun.yadav@gmail.com,9599000193,Pune,22,2024-04-18,INACTIVE
152,John,Singh,john.singh@gmail.com,9531553388,Kolkata,41,2023-10-13,INACTIVE
153,John,Reddy,john.reddy@gmail.com,9289848249,Kolkata,25,,ACTIVE
,Amit,Nair,amit.nair@gmail.com,9648444243,Delhi,53,2024-05-23,INACTIVE
155,Sneha,Kumari,sneha.kumari@gmail.com,9708949426,Delhi,35,2024-02-06,ACTIVE
156,Vikram,Reddy,vikram.reddy@gmail.com,9172517227,Bangalore,43,2024-08-14,UNKNOWN
157,John,Nair,john.nair@gmail.com,9908411117,Kolkata,31,2024-10-19,ACTIVE
158,Pooja,Khan,pooja.khan@gmail.com,9442994870,Hyderabad,46,2024-10-20,ACTIVE
159,Kiran,Reddy,kiran.reddy@gmail.com,9814510543,Hyderabad,45,2023-09-21,UNKNOWN
160,Amit,Sharma,amit.sharma@gmail.com,9389201813,Bangalore,25,2023-08-21,ACTIVE
161,Meena,Gupta,meena.gupta@gmail.com,9396061775,Chennai,50,2024-06-10,INACTIVE
162,Neha,Khan,neha.khan@gmail.com,notaphone,Delhi,46,2025-03-05,UNKNOWN
,,Sharma,.sharma@gmail.com,9093127712,Bangalore,36,2023-03-04,INACTIVE
164,Ravi,Doe,ravi.doe@gmail.com,9404533372,Hyderabad,37,2025-02-03,ACTIVE
165,Pooja,Nair,pooja.nairgmail.com,9352468388,Chennai,20,2025-02-13,INACTIVE
166,Kiran,Patel,kiran.patel@gmail.com,9137861456,Delhi,27,2025-01-14,INACTIVE
167,Rakesh,Kumari,rakesh.kumari@gmail.com,9720989712,Chennai,26,2024-12-26,ACTIVE
168,Kiran,Sharma,kiran.sharma@gmail.com,9777439493,Bangalore,42,2023-08-13,ACTIVE
169,Neha,Reddy,neha.reddy@gmail.com,9901928759,Chennai,25,2023-01-18,INACTIVE
170,Rahul,Gupta,rahul.gupta@gmail.com,9919431433,Pune,54,2024-07-30,ACTIVE
171,Amit,Patel,amit.patel@gmail.com,9681946152,Hyderabad,19,2023-06-09,INACTIVE
172,John,Gupta,john.gupta@gmail.com,9370907672,Bangalore,40,2023-12-18,ACTIVE
173,Ravi,Doe,ravi.doe@gmail.com,9288416096,Pune,44,,INACTIVE
174,Priya,Singh,priya.singh@gmail.com,9704883517,Chennai,28,2024-06-30,UNKNOWN
175,Ravi,Yadav,ravi.yadav@gmail.com,9197686530,Kolkata,43,2024-05-21,ACTIVE
176,Kiran,Verma,kiran.verma@gmail.com,9776162647,Delhi,58,2023-01-24,UNKNOWN
177,Ravi,Gupta,ravi.gupta@gmail.com,9280701767,Delhi,35,2024-11-16,INACTIVE
178,Kiran,Singh,kiran.singh@gmail.com,9480624290,Bangalore,18,2023-01-06,INACTIVE
179,Anita,Verma,anita.verma@gmail.com,9898847787,Bangalore,30,2024-12-18,UNKNOWN
180,Priya,Nair,priya.nair@gmail.com,9183542815,Pune,23,2024-08-28,UNKNOWN
181,Arjun,Gupta,arjun.gupta@gmail.com,9078891569,Pune,41,2023-10-05,INACTIVE
182,,Verma,.verma@gmail.com,9768368605,Delhi,55,2024-10-13,ACTIVE
183,Rahul,Iyer,rahul.iyer@gmail.com,9497425352,Pune,42,2024-06-02,INACTIVE
184,Pooja,Singh,pooja.singh@gmail.com,9649177744,Kolkata,53,2023-07-16,ACTIVE
185,Pooja,Singh,pooja.singh@gmail.com,9035019196,Mumbai,37,2023-01-10,INACTIVE
abc,Anita,Doe,anita.doe@gmail.com,9994429848,Delhi,19,,ACTIVE
187,Rakesh,Kumari,rakesh.kumari@gmail.com,9322908996,Hyderabad,40,2024-04-09,ACTIVE
188,Priya,Sharma,priya.sharma@gmail.com,notaphone,Bangalore,44,2023-04-24,ACTIVE
189,Vikram,Sharma,vikram.sharma@gmail.com,9438387176,Bangalore,58,2023-04-29,UNKNOWN
190,Sneha,Reddy,sneha.reddy@gmail.com,9665608647,Chennai,58,2024-12-22,INACTIVE
191,Sneha,Gupta,sneha.gupta@gmail.com,9244723913,Bangalore,22,2023-08-10,ACTIVE
192,Meena,Singh,meena.singh@gmail.com,9528223966,Delhi,58,2023-01-16,INACTIVE
193,Amit,Kumari,amit.kumari@gmail.com,9081385131,Chennai,29,2023-11-14,ACTIVE
194,Meena,Khan,meena.khan@gmail.com,9312375688,Pune,21,2024-10-03,UNKNOWN
195,Pooja,Verma,pooja.verma@gmail.com,9610539346,Pune,44,2024-08-16,ACTIVE
abc,Ravi,Nair,ravi.nair@gmail.com,9212454404,Bangalore,37,2023-09-07,UNKNOWN
197,Ravi,Singh,ravi.singh@gmail.com,9845324031,Hyderabad,37,2024-07-14,INACTIVE
198,Priya,Sharma,priya.sharma@gmail.com,9382247193,Chennai,60,2025-02-10,INACTIVE
199,Neha,Patel,neha.patel@gmail.com,9819986986,Pune,30,2023-03-20,UNKNOWN
200,Amit,Nair,amit.nair@gmail.com,9901586604,Pune,50,2024-07-19,ACTIVE
201,Suresh,Nair,suresh.nairgmail.com,9746515553,Kolkata,22,2024-07-16,UNKNOWN
202,Suresh,Singh,suresh.singh@gmail.com,9876610822,Pune,,2024-11-19,ACTIVE
203,Suresh,Verma,suresh.verma@gmail.com,9648734574,Chennai,45,,UNKNOWN
204,Pooja,Gupta,pooja.gupta@gmail.com,9987243068,Delhi,32,2024-11-18,ACTIVE
205,Rahul,Reddy,rahul.reddy@gmail.com,9017350810,Delhi,56,2024-09-28,INACTIVE
206,John,Yadav,john.yadav@gmail.com,9870777315,Kolkata,19,2024-12-30,INACTIVE
207,Pooja,Singh,pooja.singh@gmail.com,9773788495,Bangalore,37,2024-05-27,ACTIVE
208,Vikram,Khan,vikram.khan@gmail.com,9013957773,Kolkata,59,2024-01-29,INACTIVE
209,Sneha,Nair,sneha.nair@gmail.com,9594050779,Pune,56,2023-07-02,ACTIVE
210,Rahul,Singh,rahul.singh@gmail.com,9724083037,Kolkata,41,2023-04-21,ACTIVE
211,,Patel,.patel@gmail.com,9119184145,Mumbai,33,2024-04-23,INACTIVE
212,Priya,Singh,priya.singh@gmail.com,9567400269,Delhi,35,2024-04-13,INACTIVE
213,John,Doe,john.doe@gmail.com,9735403449,Pune,37,2023-12-02,INACTIVE
214,Kiran,Doe,kiran.doe@gmail.com,9772404551,Kolkata,30,2024-05-11,INACTIVE
215,Sneha,Nair,sneha.nair@gmail.com,9524517604,Kolkata,,2024-12-08,UNKNOWN
216,John,Iyer,john.iyer@gmail.com,9646617134,Mumbai,26,2025-03-11,INACTIVE
217,Meena,Reddy,meena.reddy@gmail.com,9761386870,Hyderabad,55,2023-12-30,INACTIVE
218,Amit,Singh,amit.singh@gmail.com,9020574374,Hyderabad,23,2024-01-12,INACTIVE
219,Anita,Iyer,anita.iyer@gmail.com,9903429647,Delhi,40,2023-03-08,INACTIVE
220,John,Khan,john.khan@gmail.com,9608078048,Kolkata,45,2023-05-23,ACTIVE
221,Rakesh,Yadav,rakesh.yadav@gmail.com,9215073871,Chennai,44,2023-01-01,UNKNOWN
abc,Kiran,Gupta,kiran.gupta@gmail.com,9969889304,Hyderabad,50,2023-11-07,INACTIVE
223,Neha,Nair,neha.nair@gmail.com,9387714228,Hyderabad,60,2025-01-09,ACTIVE
,John,Khan,john.khan@gmail.com,9674321203,Bangalore,50,2025-01-04,UNKNOWN
225,John,Doe,john.doe@gmail.com,9361268647,Bangalore,34,2023-08-15,ACTIVE
226,Pooja,Singh,pooja.singh@gmail.com,notaphone,Kolkata,59,2023-05-25,UNKNOWN
227,Suresh,Kumari,suresh.kumari@gmail.com,9045365830,Delhi,40,2024-11-24,INACTIVE
228,Arjun,Doe,arjun.doe@gmail.com,9061251238,Pune,55,2024-04-18,INACTIVE
229,Suresh,Patel,suresh.patel@gmail.com,9298223866,Delhi,51,2023-04-28,ACTIVE
230,Pooja,Reddy,pooja.reddy@gmail.com,9185483822,Hyderabad,30,2023-07-07,UNKNOWN
231,Anita,Yadav,anita.yadav@gmail.com,9858471522,Pune,50,2023-09-20,INACTIVE
232,Arjun,Yadav,arjun.yadav@gmail.com,9438200629,Mumbai,30,2024-03-26,INACTIVE
233,Vikram,Gupta,vikram.gupta@gmail.com,9606138834,Mumbai,19,2024-06-24,INACTIVE
234,Rahul,Gupta,rahul.gupta@gmail.com,9550770280,Chennai,41,2023-11-28,INACTIVE
235,Rahul,Doe,rahul.doegmail.com,9933812594,Hyderabad,38,2024-04-19,INACTIVE
236,Meena,Verma,meena.verma@gmail.com,9311872175,Hyderabad,35,2024-10-09,ACTIVE
237,Sneha,Singh,sneha.singh@gmail.com,9714989206,Delhi,60,2024-02-17,INACTIVE
238,Meena,Sharma,meena.sharma@gmail.com,9185295006,Kolkata,50,2024-10-05,UNKNOWN
239,Anita,Gupta,anita.gupta@gmail.com,9542051434,Pune,57,2023-08-04,UNKNOWN
240,Pooja,Verma,pooja.verma@gmail.com,9196091945,Chennai,23,2024-08-06,UNKNOWN
241,John,Yadav,john.yadav@gmail.com,9512243583,Pune,40,2024-12-26,UNKNOWN
242,Rahul,Verma,rahul.verma@gmail.com,9213379187,Mumbai,29,2024-11-28,INACTIVE
243,Anita,Kumari,anita.kumari@gmail.com,9906671693,Delhi,35,2023-10-15,ACTIVE
244,Anita,Yadav,anita.yadav@gmail.com,9156671725,Bangalore,25,2024-05-18,UNKNOWN
245,Vikram,Gupta,vikram.gupta@gmail.com,9489436495,Chennai,49,2023-09-17,ACTIVE
246,Vikram,Yadav,vikram.yadav@gmail.com,9835143630,Chennai,57,2023-01-31,ACTIVE
247,Arjun,Verma,arjun.vermagmail.com,9025562620,Bangalore,32,2023-09-12,INACTIVE
,Vikram,Sharma,vikram.sharma@gmail.com,9894861289,Delhi,51,2025-01-10,ACTIVE
249,Sneha,Khan,sneha.khan@gmail.com,9263528389,Mumbai,43,,ACTIVE
250,Rakesh,Reddy,rakesh.reddy@gmail.com,9771924816,Hyderabad,52,2025-02-01,ACTIVE
251,Sneha,Iyer,sneha.iyer@gmail.com,9027517498,Mumbai,18,2023-10-14,INACTIVE
252,Meena,Nair,meena.nair@gmail.com,9464969278,Chennai,23,2024-02-04,UNKNOWN
abc,Ravi,Khan,ravi.khan@gmail.com,9488307206,Delhi,51,2024-07-09,ACTIVE
254,,Gupta,.gupta@gmail.com,9831792464,Hyderabad,24,2024-09-04,INACTIVE
255,Anita,Singh,anita.singh@gmail.com,9726945864,Hyderabad,,2024-03-13,INACTIVE
256,Priya,Kumari,priya.kumari@gmail.com,9336131056,Pune,21,2023-09-27,UNKNOWN
257,Rahul,Yadav,rahul.yadav@gmail.com,9788779046,Mumbai,47,2024-07-31,ACTIVE
258,Rakesh,Yadav,rakesh.yadav@gmail.com,9603661596,Bangalore,41,2024-04-30,UNKNOWN
259,Pooja,Reddy,pooja.reddy@gmail.com,9157637712,Chennai,60,2023-04-30,UNKNOWN
260,Ravi,Nair,ravi.nairgmail.com,9327252720,Hyderabad,35,2024-08-10,INACTIVE
261,Amit,Reddy,amit.reddy@gmail.com,9557763122,Kolkata,36,2024-11-12,INACTIVE
262,John,Sharma,john.sharma@gmail.com,9884484522,Hyderabad,41,2023-01-01,ACTIVE
263,Meena,Kumari,meena.kumari@gmail.com,9975146115,Chennai,40,2023-07-21,INACTIVE
264,Rahul,Verma,rahul.verma@gmail.com,9265713999,Bangalore,26,2025-02-03,ACTIVE
265,Neha,Nair,neha.nair@gmail.com,9292217945,Hyderabad,60,2024-10-26,UNKNOWN
,,Patel,.patel@gmail.com,9190728967,Pune,20,2023-07-30,ACTIVE
267,Suresh,Gupta,suresh.guptagmail.com,9328694543,Kolkata,55,2024-09-13,UNKNOWN
268,Sneha,Verma,sneha.verma@gmail.com,9426576394,Chennai,200,2024-09-13,ACTIVE
269,Rahul,Yadav,rahul.yadav@gmail.com,9042416324,Kolkata,49,2024-02-08,ACTIVE
270,Suresh,Verma,suresh.verma@gmail.com,9805121740,Pune,55,2024-05-31,UNKNOWN
271,Suresh,Nair,suresh.nair@gmail.com,9453188398,Hyderabad,51,2023-04-04,INACTIVE
,Kiran,Gupta,kiran.gupta@gmail.com,9866029071,Delhi,55,2023-09-23,UNKNOWN
273,Anita,Kumari,anita.kumari@gmail.com,9442951279,Delhi,25,2023-08-27,ACTIVE
274,Ravi,Yadav,ravi.yadav@gmail.com,9177432970,Chennai,54,2024-10-28,INACTIVE
275,Sneha,Verma,sneha.verma@gmail.com,9052077587,Chennai,56,2024-10-16,ACTIVE
276,Ravi,Sharma,ravi.sharma@gmail.com,9941433891,Kolkata,38,2024-11-29,ACTIVE
277,Ravi,Khan,ravi.khan@gmail.com,9493522517,Mumbai,21,2024-04-15,INACTIVE
278,Suresh,Nair,suresh.nair@gmail.com,9257110228,Delhi,,2024-11-28,UNKNOWN
279,Ravi,Singh,ravi.singh@gmail.com,9598695534,Kolkata,22,2024-05-06,INACTIVE
280,Meena,Doe,meena.doe@gmail.com,9311223765,Chennai,50,2025-01-13,ACTIVE
281,Meena,Iyer,meena.iyer@gmail.com,9961668308,Chennai,52,2023-11-23,UNKNOWN
282,Rahul,Verma,rahul.verma@gmail.com,9185017635,Mumbai,26,2024-01-21,INACTIVE
283,Arjun,Doe,arjun.doe@gmail.com,9753942721,Mumbai,34,2024-03-28,ACTIVE
284,Ravi,Reddy,ravi.reddy@gmail.com,9076452349,Delhi,47,2025-02-04,INACTIVE
285,Neha,Patel,neha.patel@gmail.com,9075663899,Bangalore,18,2023-09-26,INACTIVE
abc,Suresh,Nair,suresh.nair@gmail.com,9776101788,Kolkata,28,2023-10-02,UNKNOWN
287,Kiran,Kumari,kiran.kumari@gmail.com,9945600263,Chennai,32,2024-08-22,INACTIVE
288,Rakesh,Nair,rakesh.nair@gmail.com,9356405505,Pune,38,2024-05-03,INACTIVE
289,Sneha,Doe,sneha.doe@gmail.com,9502604395,Chennai,33,2023-11-26,INACTIVE
290,Amit,Patel,amit.patel@gmail.com,9608159572,Bangalore,49,2024-11-10,INACTIVE
291,Rakesh,Gupta,rakesh.gupta@gmail.com,9206033727,Bangalore,,2024-01-15,INACTIVE
292,Kiran,Doe,kiran.doe@gmail.com,9453835079,Bangalore,54,2023-03-21,INACTIVE
293,Suresh,Reddy,suresh.reddy@gmail.com,9273028254,Mumbai,20,2023-07-28,ACTIVE
294,Meena,Reddy,meena.reddy@gmail.com,9720598614,Pune,25,2023-04-05,UNKNOWN
295,Pooja,Patel,pooja.patel@gmail.com,9923657627,Mumbai,48,2024-12-23,UNKNOWN
296,Pooja,Nair,pooja.nair@gmail.com,9986852423,Kolkata,,2023-11-04,ACTIVE
297,Suresh,Doe,suresh.doe@gmail.com,9371719529,Delhi,40,2023-08-07,INACTIVE
298,Arjun,Patel,arjun.patel@gmail.com,9934576258,Bangalore,32,2024-07-26,UNKNOWN
299,Vikram,Singh,vikram.singhgmail.com,9458534357,Kolkata,21,2024-02-10,UNKNOWN
300,Vikram,Singh,vikram.singh@gmail.com,9237820891,Delhi,47,2023-06-04,INACTIVE
301,Vikram,Sharma,vikram.sharma@gmail.com,9870741915,Chennai,42,2024-09-05,ACTIVE
302,Meena,Doe,meena.doe@gmail.com,9508065141,Hyderabad,59,2023-07-26,UNKNOWN
303,Neha,Khan,neha.khan@gmail.com,9365296670,Delhi,22,2024-06-03,INACTIVE
304,Vikram,Singh,vikram.singh@gmail.com,9982764303,Mumbai,54,2024-07-20,UNKNOWN
305,Anita,Verma,anita.verma@gmail.com,9991215613,Pune,52,2024-03-29,ACTIVE
306,Sneha,Singh,sneha.singh@gmail.com,9696319449,Pune,23,2023-02-12,ACTIVE
307,Anita,Patel,anita.patel@gmail.com,9838926936,Hyderabad,43,2024-01-01,ACTIVE
308,Pooja,Kumari,pooja.kumari@gmail.com,9998012963,Delhi,29,2023-04-10,UNKNOWN
309,Pooja,Khan,pooja.khan@gmail.com,9921665051,Mumbai,60,2024-01-22,INACTIVE
310,Pooja,Nair,pooja.nair@gmail.com,notaphone,Bangalore,29,2024-07-03,INACTIVE
311,Amit,Sharma,amit.sharma@gmail.com,9429432038,Mumbai,59,2024-08-01,UNKNOWN
312,Priya,Patel,priya.patel@gmail.com,9022175060,Mumbai,54,2024-03-16,INACTIVE
313,Suresh,Patel,suresh.patel@gmail.com,9491074635,Chennai,39,2024-06-09,UNKNOWN
314,Ravi,Yadav,ravi.yadav@gmail.com,9278569147,Chennai,18,2024-10-14,ACTIVE
315,Ravi,Yadav,ravi.yadav@gmail.com,9059932084,Bangalore,38,2023-01-03,INACTIVE
316,Suresh,Yadav,suresh.yadav@gmail.com,9814505073,Bangalore,49,2024-08-07,INACTIVE
317,Neha,Yadav,neha.yadav@gmail.com,9916169295,Kolkata,54,2024-07-11,INACTIVE
318,Priya,Reddy,priya.reddy@gmail.com,9663229260,Hyderabad,32,2023-08-05,ACTIVE
319,Neha,Verma,neha.verma@gmail.com,9434385851,Hyderabad,25,2024-09-28,INACTIVE
320,Anita,Nair,anita.nair@gmail.com,9937758063,Hyderabad,49,2024-12-29,INACTIVE
321,,Iyer,.iyer@gmail.com,9934785143,Pune,,2023-01-14,UNKNOWN
322,Rakesh,Kumari,rakesh.kumari@gmail.com,9555748879,Kolkata,50,2024-06-04,ACTIVE
323,Meena,Patel,meena.patel@gmail.com,9227045407,Bangalore,52,2024-09-17,INACTIVE
324,John,Nair,john.nair@gmail.com,9491461315,Bangalore,44,2025-01-23,UNKNOWN
325,,Kumari,.kumari@gmail.com,9520630408,Chennai,34,2023-04-14,INACTIVE
abc,Priya,Reddy,priya.reddy@gmail.com,9501129465,Bangalore,37,2023-02-01,ACTIVE
327,Ravi,Nair,ravi.nair@gmail.com,9792134583,Pune,47,2023-10-02,ACTIVE
328,,Verma,.verma@gmail.com,9605921223,Mumbai,33,2024-10-26,ACTIVE
329,Meena,Iyer,meena.iyer@gmail.com,9297966883,Kolkata,25,2024-05-02,ACTIVE
330,Vikram,Sharma,vikram.sharma@gmail.com,9816818788,Bangalore,58,2024-09-24,INACTIVE
331,Amit,Verma,amit.verma@gmail.com,9529677304,Bangalore,56,2024-07-08,UNKNOWN
332,Amit,Kumari,amit.kumari@gmail.com,9994665969,Hyderabad,,2024-01-21,UNKNOWN
333,Sneha,Sharma,sneha.sharma@gmail.com,9776790422,Delhi,60,2023-06-22,UNKNOWN
334,Suresh,Singh,suresh.singh@gmail.com,9473417583,Bangalore,22,2023-06-09,UNKNOWN
335,Vikram,Gupta,vikram.gupta@gmail.com,9526467682,Mumbai,23,,UNKNOWN
336,Kiran,Patel,kiran.patel@gmail.com,9451697091,Pune,57,2024-12-23,ACTIVE
337,Pooja,Reddy,pooja.reddy@gmail.com,9311781456,Bangalore,35,2023-11-10,ACTIVE
338,Neha,Gupta,neha.gupta@gmail.com,9668420142,Chennai,49,2024-09-01,ACTIVE
339,Suresh,Verma,suresh.verma@gmail.com,9566438739,Chennai,57,2023-03-07,UNKNOWN
340,Rakesh,Yadav,rakesh.yadav@gmail.com,9098099310,Pune,22,2023-05-26,UNKNOWN
341,Neha,Sharma,neha.sharma@gmail.com,9709089455,Chennai,40,2023-05-18,ACTIVE
342,Kiran,Kumari,kiran.kumari@gmail.com,9735376184,Hyderabad,58,2023-08-08,INACTIVE
343,Suresh,Yadav,suresh.yadav@gmail.com,9063284833,Bangalore,51,2023-12-10,ACTIVE
344,Anita,Iyer,anita.iyer@gmail.com,9609082699,Kolkata,50,2023-12-23,INACTIVE
345,Ravi,Patel,ravi.patel@gmail.com,9161060305,Pune,,2024-06-24,INACTIVE
346,Neha,Singh,neha.singh@gmail.com,9033796501,Pune,,2024-06-20,ACTIVE
347,Amit,Doe,amit.doe@gmail.com,9975575836,Pune,28,2024-03-31,INACTIVE
348,Neha,Doe,neha.doe@gmail.com,9662137431,Pune,37,2024-11-21,UNKNOWN
349,,Sharma,.sharma@gmail.com,9677555215,Delhi,46,,UNKNOWN
350,Arjun,Kumari,arjun.kumari@gmail.com,9441140078,Delhi,43,,INACTIVE
351,Suresh,Gupta,suresh.gupta@gmail.com,9005387248,Delhi,46,2023-12-02,ACTIVE
352,Pooja,Patel,pooja.patel@gmail.com,9562435988,Kolkata,29,2023-11-22,INACTIVE
353,Priya,Iyer,priya.iyer@gmail.com,9755970098,Hyderabad,28,2024-04-29,INACTIVE
354,Meena,Sharma,meena.sharma@gmail.com,9236226109,Mumbai,26,2025-02-04,UNKNOWN
355,Rakesh,Sharma,rakesh.sharma@gmail.com,9165223541,Delhi,30,2024-07-26,INACTIVE
356,Pooja,Verma,pooja.verma@gmail.com,9444286273,Bangalore,22,2024-06-16,UNKNOWN
357,Ravi,Yadav,ravi.yadav@gmail.com,9564317484,Chennai,20,2023-10-08,UNKNOWN
358,Amit,Patel,amit.patel@gmail.com,9499596289,Hyderabad,28,2023-09-02,INACTIVE
359,Vikram,Kumari,vikram.kumari@gmail.com,9074522307,Kolkata,32,2024-01-09,UNKNOWN
360,,Iyer,.iyer@gmail.com,9673315680,Bangalore,58,2024-02-26,INACTIVE
361,Pooja,Singh,pooja.singh@gmail.com,9822195290,Delhi,59,2024-11-29,UNKNOWN
362,Ravi,Yadav,ravi.yadav@gmail.com,9449577734,Hyderabad,37,2023-12-26,ACTIVE
363,Ravi,Doe,ravi.doe@gmail.com,9581607474,Pune,40,2023-10-24,UNKNOWN
364,Pooja,Reddy,pooja.reddy@gmail.com,9152778996,Kolkata,54,2024-01-31,UNKNOWN
abc,Ravi,Nair,ravi.nair@gmail.com,notaphone,Chennai,50,2023-11-11,ACTIVE
366,Rahul,Nair,rahul.nair@gmail.com,9229069781,Mumbai,45,2023-05-25,UNKNOWN
367,Amit,Yadav,amit.yadav@gmail.com,9811350089,Hyderabad,51,2024-05-02,ACTIVE
368,Priya,Kumari,priya.kumari@gmail.com,9009014431,Hyderabad,38,2025-01-08,UNKNOWN
369,Suresh,Iyer,suresh.iyer@gmail.com,9463457884,Bangalore,27,2024-09-06,INACTIVE
370,John,Nair,john.nairgmail.com,9973282523,Bangalore,22,2024-08-25,ACTIVE
371,Priya,Sharma,priya.sharma@gmail.com,9484936009,Bangalore,43,2023-11-05,INACTIVE
372,Rakesh,Patel,rakesh.patel@gmail.com,9669213642,Hyderabad,49,2024-11-27,ACTIVE
373,Priya,Sharma,priya.sharma@gmail.com,9131413585,Pune,200,2024-03-10,INACTIVE
374,Meena,Kumari,meena.kumari@gmail.com,9631150756,Hyderabad,27,2025-02-08,UNKNOWN
375,Rahul,Gupta,rahul.gupta@gmail.com,9187273305,Kolkata,22,2024-11-30,ACTIVE
376,Vikram,Sharma,vikram.sharma@gmail.com,9239498337,Kolkata,42,2024-09-12,ACTIVE
,Rahul,Gupta,rahul.gupta@gmail.com,9817082067,Bangalore,40,2024-04-27,INACTIVE
378,Priya,Doe,priya.doe@gmail.com,9078559845,Delhi,44,2023-07-27,UNKNOWN
379,Rahul,Patel,rahul.patel@gmail.com,9140760451,Hyderabad,44,2024-12-28,ACTIVE
380,,Gupta,.gupta@gmail.com,9627848488,Hyderabad,39,2024-11-05,ACTIVE
381,Pooja,Kumari,pooja.kumari@gmail.com,9083588134,Bangalore,28,2024-03-24,UNKNOWN
382,Vikram,Khan,vikram.khan@gmail.com,9405280654,Mumbai,38,2023-02-20,INACTIVE
383,Kiran,Gupta,kiran.gupta@gmail.com,9507228065,Pune,34,2023-03-19,UNKNOWN
384,Arjun,Verma,arjun.verma@gmail.com,9202673244,Delhi,51,2024-02-11,INACTIVE
385,Suresh,Gupta,suresh.gupta@gmail.com,9289725276,Delhi,46,2024-05-21,UNKNOWN
386,Anita,Reddy,anita.reddy@gmail.com,9367116507,Mumbai,40,2023-11-05,UNKNOWN
387,Vikram,Verma,vikram.verma@gmail.com,9524553283,Chennai,45,2024-03-21,ACTIVE
388,Ravi,Reddy,ravi.reddy@gmail.com,9458213897,Bangalore,40,2024-06-13,INACTIVE
389,Priya,Kumari,priya.kumari@gmail.com,9159405532,Kolkata,43,2024-11-27,ACTIVE
390,Neha,Kumari,neha.kumari@gmail.com,9564025692,Delhi,55,2024-09-29,UNKNOWN
391,Vikram,Verma,vikram.verma@gmail.com,9267901630,Mumbai,41,2024-07-04,INACTIVE
392,Ravi,Iyer,ravi.iyer@gmail.com,9419122486,Pune,31,2024-02-10,ACTIVE
393,Rakesh,Doe,rakesh.doe@gmail.com,9413695148,Hyderabad,38,2025-03-05,ACTIVE
394,Rahul,Nair,rahul.nair@gmail.com,9874659443,Hyderabad,30,2025-01-08,ACTIVE
395,Neha,Iyer,neha.iyer@gmail.com,9207126434,Kolkata,57,2024-02-23,UNKNOWN
,Kiran,Patel,kiran.patel@gmail.com,9052560753,Chennai,25,2023-03-13,ACTIVE
397,Anita,Sharma,anita.sharma@gmail.com,9046720817,Delhi,21,2023-05-06,INACTIVE
398,Kiran,Yadav,kiran.yadav@gmail.com,9341857066,Hyderabad,20,2023-11-15,UNKNOWN
399,Anita,Yadav,anita.yadavgmail.com,9785834934,Kolkata,25,2023-06-16,UNKNOWN
400,Vikram,Reddy,vikram.reddy@gmail.com,9423346729,Pune,55,2024-10-06,ACTIVE
401,Ravi,Khan,ravi.khangmail.com,9589612017,Kolkata,49,2025-01-19,ACTIVE
402,Ravi,Sharma,ravi.sharma@gmail.com,9723807100,Pune,,2023-10-17,UNKNOWN
403,Pooja,Kumari,pooja.kumari@gmail.com,9734041847,Kolkata,37,2023-03-21,INACTIVE
404,Suresh,Reddy,suresh.reddy@gmail.com,9527828382,Delhi,36,2023-08-19,ACTIVE
405,Arjun,Singh,arjun.singh@gmail.com,9993048482,Kolkata,33,2024-08-23,INACTIVE
406,Vikram,Verma,vikram.verma@gmail.com,9380095539,Pune,40,2023-08-19,UNKNOWN
407,Ravi,Kumari,ravi.kumari@gmail.com,9648616626,Mumbai,21,2023-07-03,ACTIVE
408,John,Singh,john.singh@gmail.com,9927252812,Mumbai,51,2024-01-25,ACTIVE
409,Amit,Patel,amit.patel@gmail.com,9736706745,Bangalore,49,2023-03-08,ACTIVE
410,John,Sharma,john.sharmagmail.com,9256417246,Chennai,45,,INACTIVE
411,Kiran,Yadav,kiran.yadav@gmail.com,9096908875,Pune,35,2023-02-27,UNKNOWN
412,Kiran,Doe,kiran.doe@gmail.com,9067331697,Hyderabad,36,,ACTIVE
413,Vikram,Nair,vikram.nair@gmail.com,9697697986,Hyderabad,25,2023-10-05,ACTIVE
,Rakesh,Reddy,rakesh.reddy@gmail.com,9690212869,Delhi,54,2023-10-14,ACTIVE
415,Amit,Yadav,amit.yadav@gmail.com,9291733139,Pune,22,2023-11-10,ACTIVE
416,Pooja,Verma,pooja.verma@gmail.com,9624314886,Pune,49,2023-08-07,INACTIVE
417,Priya,Sharma,priya.sharma@gmail.com,9805431016,Kolkata,37,2025-01-26,UNKNOWN
418,Ravi,Kumari,ravi.kumari@gmail.com,notaphone,Pune,39,2024-08-15,ACTIVE
419,Neha,Patel,neha.patel@gmail.com,9289784371,Bangalore,43,2024-04-16,INACTIVE
420,Neha,Nair,neha.nair@gmail.com,9037561653,Hyderabad,55,2024-11-21,INACTIVE
421,Suresh,Singh,suresh.singh@gmail.com,9143909156,Kolkata,42,2023-03-22,INACTIVE
422,,Patel,.patelgmail.com,9571827151,Bangalore,28,2024-12-11,UNKNOWN
423,Ravi,Gupta,ravi.gupta@gmail.com,9861932637,Pune,28,2024-02-06,INACTIVE
424,Pooja,Gupta,pooja.gupta@gmail.com,9224046564,Pune,59,2023-02-06,ACTIVE
425,Neha,Reddy,neha.reddy@gmail.com,9900591785,Chennai,29,2023-07-13,INACTIVE
426,,Khan,.khan@gmail.com,9925453857,Chennai,,2024-10-12,UNKNOWN
427,Anita,Gupta,anita.gupta@gmail.com,9385177496,Pune,18,2023-09-25,INACTIVE
428,Amit,Kumari,amit.kumari@gmail.com,9521903245,Pune,45,2024-01-08,UNKNOWN
429,Sneha,Verma,sneha.verma@gmail.com,notaphone,Hyderabad,50,2023-11-23,UNKNOWN
430,,Patel,.patel@gmail.com,9552519160,Chennai,34,2023-03-05,ACTIVE
431,Priya,Iyer,priya.iyer@gmail.com,9701471996,Chennai,50,2023-11-07,ACTIVE
,Rakesh,Sharma,rakesh.sharma@gmail.com,9538129208,Hyderabad,40,2024-11-19,ACTIVE
433,Amit,Singh,amit.singh@gmail.com,9583822004,Chennai,40,2023-06-01,UNKNOWN
434,Vikram,Nair,vikram.nair@gmail.com,9523418620,Chennai,54,2024-07-08,INACTIVE
435,Rahul,Doe,rahul.doe@gmail.com,9460505528,Bangalore,41,2023-09-10,ACTIVE
436,Priya,Kumari,priya.kumari@gmail.com,9139739798,Kolkata,38,2024-09-15,INACTIVE
437,John,Patel,john.patel@gmail.com,9554084721,Kolkata,50,2024-03-04,ACTIVE
438,Anita,Iyer,anita.iyer@gmail.com,9771493170,Pune,47,2023-01-01,INACTIVE
439,Kiran,Reddy,kiran.reddy@gmail.com,9582267073,Hyderabad,24,2023-12-12,ACTIVE
440,Sneha,Verma,sneha.verma@gmail.com,9722984956,Delhi,40,2023-06-13,ACTIVE
441,John,Khan,john.khan@gmail.com,9807953963,Kolkata,30,2025-02-25,UNKNOWN
442,Ravi,Iyer,ravi.iyer@gmail.com,9923223670,Bangalore,56,2025-01-16,INACTIVE
443,John,Doe,john.doe@gmail.com,9727360517,Chennai,54,2024-11-27,ACTIVE
444,Kiran,Kumari,kiran.kumari@gmail.com,9294602068,Chennai,29,2023-12-18,INACTIVE
445,Rahul,Kumari,rahul.kumari@gmail.com,9767218395,Chennai,59,2024-01-08,ACTIVE
446,John,Khan,john.khan@gmail.com,9169236200,Mumbai,,2023-10-20,UNKNOWN
447,Amit,Singh,amit.singh@gmail.com,9592753349,Bangalore,23,2023-07-10,INACTIVE
,,Verma,.verma@gmail.com,9450729997,Delhi,24,2024-03-19,ACTIVE
449,Vikram,Kumari,vikram.kumarigmail.com,9916463408,Hyderabad,55,2023-12-16,UNKNOWN
450,Rahul,Doe,rahul.doe@gmail.com,9000492217,Kolkata,20,2024-06-30,ACTIVE
451,Meena,Verma,meena.vermagmail.com,9170929103,Pune,37,2024-10-02,ACTIVE
452,Sneha,Gupta,sneha.gupta@gmail.com,9704517095,Pune,42,2024-04-18,ACTIVE
453,Meena,Iyer,meena.iyer@gmail.com,9097038030,Chennai,27,2023-03-30,INACTIVE
454,Meena,Nair,meena.nair@gmail.com,9992636354,Kolkata,36,,ACTIVE
455,Sneha,Singh,sneha.singh@gmail.com,9225189886,Delhi,56,2023-03-23,UNKNOWN
456,Kiran,Sharma,kiran.sharma@gmail.com,9327784145,Delhi,50,2024-11-27,INACTIVE
457,Arjun,Khan,arjun.khan@gmail.com,9160918917,Bangalore,26,2024-06-22,INACTIVE
458,Pooja,Nair,pooja.nair@gmail.com,9244910996,Pune,34,2023-06-26,INACTIVE
459,Ravi,Doe,ravi.doe@gmail.com,9547167059,Chennai,38,2025-02-12,INACTIVE
460,Anita,Nair,anita.nair@gmail.com,9589854696,Mumbai,55,2024-02-24,INACTIVE
461,John,Doe,john.doe@gmail.com,9864464628,Delhi,55,2024-04-06,ACTIVE
462,Rakesh,Iyer,rakesh.iyer@gmail.com,9560768981,Chennai,19,2023-01-28,UNKNOWN
463,Pooja,Patel,pooja.patel@gmail.com,9571907519,Bangalore,19,2025-01-11,UNKNOWN
464,Rakesh,Khan,rakesh.khan@gmail.com,9817981723,Mumbai,34,2024-09-17,INACTIVE
465,John,Iyer,john.iyer@gmail.com,9063816746,Hyderabad,48,2024-04-04,INACTIVE
466,Sneha,Nair,sneha.nair@gmail.com,notaphone,Kolkata,52,2023-09-30,INACTIVE
467,Ravi,Nair,ravi.nair@gmail.com,9710884181,Bangalore,33,2023-06-16,UNKNOWN
468,Vikram,Doe,vikram.doe@gmail.com,9727986088,Bangalore,30,2024-11-22,INACTIVE
469,Pooja,Verma,pooja.verma@gmail.com,9998816735,Chennai,33,2024-02-22,ACTIVE
470,Amit,Khan,amit.khan@gmail.com,9700616678,Delhi,38,2023-12-03,UNKNOWN
471,Rakesh,Reddy,rakesh.reddy@gmail.com,9365374067,Kolkata,20,2025-02-07,INACTIVE
472,Suresh,Doe,suresh.doe@gmail.com,9238412290,Kolkata,32,2023-01-21,ACTIVE
473,Meena,Khan,meena.khan@gmail.com,9067774442,Pune,,2023-01-13,UNKNOWN
474,John,Patel,john.patel@gmail.com,9117533262,Hyderabad,37,2025-01-27,UNKNOWN
475,Ravi,Doe,ravi.doe@gmail.com,9600521134,Hyderabad,28,2023-03-22,INACTIVE
476,Kiran,Doe,kiran.doe@gmail.com,9213782927,Delhi,60,2024-05-02,UNKNOWN
477,Amit,Sharma,amit.sharma@gmail.com,9691751535,Hyderabad,,2023-02-03,INACTIVE
478,Sneha,Singh,sneha.singh@gmail.com,9403351904,Chennai,38,2024-03-20,INACTIVE
479,Pooja,Yadav,pooja.yadav@gmail.com,9737836945,Chennai,200,2023-07-06,INACTIVE
480,Neha,Patel,neha.patel@gmail.com,notaphone,Hyderabad,60,2024-01-04,INACTIVE
481,Suresh,Doe,suresh.doe@gmail.com,9143016694,Mumbai,48,2023-06-22,UNKNOWN
482,Arjun,Sharma,arjun.sharma@gmail.com,9305749315,Mumbai,51,2025-01-11,UNKNOWN
483,Neha,Iyer,neha.iyergmail.com,9444300279,Chennai,33,2025-01-13,ACTIVE
484,Neha,Gupta,neha.guptagmail.com,9906059764,Delhi,36,2024-02-21,INACTIVE
485,Rakesh,Doe,rakesh.doe@gmail.com,notaphone,Hyderabad,20,2024-12-30,INACTIVE
486,Meena,Iyer,meena.iyer@gmail.com,9812128620,Delhi,58,2023-04-17,INACTIVE
487,Amit,Kumari,amit.kumarigmail.com,9892984824,Hyderabad,49,2025-01-05,UNKNOWN
488,Neha,Khan,neha.khan@gmail.com,9691210962,Chennai,41,2023-11-09,INACTIVE
489,Meena,Iyer,meena.iyer@gmail.com,9900194368,Kolkata,60,2024-01-02,UNKNOWN
490,Kiran,Sharma,kiran.sharma@gmail.com,9268536745,Bangalore,200,2023-11-07,ACTIVE
491,Rahul,Gupta,rahul.gupta@gmail.com,9840848702,Chennai,43,2025-02-25,INACTIVE
492,Priya,Gupta,priya.gupta@gmail.com,9404017606,Bangalore,54,2023-12-15,ACTIVE
493,Suresh,Verma,suresh.verma@gmail.com,9447890423,Delhi,59,2025-03-04,UNKNOWN
494,Rakesh,Khan,rakesh.khan@gmail.com,9281170866,Pune,45,2023-04-29,UNKNOWN
495,Sneha,Khan,sneha.khan@gmail.com,9252096550,Bangalore,60,2023-01-08,ACTIVE
496,Ravi,Yadav,ravi.yadav@gmail.com,9251192334,Delhi,36,2024-04-02,INACTIVE
497,Amit,Sharma,amit.sharma@gmail.com,9967606888,Delhi,42,2023-02-16,ACTIVE
498,Neha,Reddy,neha.reddy@gmail.com,9398878709,Chennai,25,2023-01-06,INACTIVE
499,Ravi,Khan,ravi.khan@gmail.com,9637767145,Hyderabad,25,2023-12-16,ACTIVE
500,Priya,Doe,priya.doegmail.com,9708211512,Delhi,35,2023-08-02,ACTIVE
501,Vikram,Singh,vikram.singh@gmail.com,notaphone,Chennai,49,2023-09-27,ACTIVE
502,Neha,Nair,neha.nair@gmail.com,9153343940,Kolkata,33,2024-09-27,INACTIVE
,Pooja,Verma,pooja.vermagmail.com,notaphone,Mumbai,50,2024-08-13,ACTIVE
504,Suresh,Nair,suresh.nair@gmail.com,9939846415,Hyderabad,34,2024-05-29,UNKNOWN
505,Rahul,Patel,rahul.patel@gmail.com,9398625400,Mumbai,53,2025-02-10,INACTIVE
506,Neha,Singh,neha.singh@gmail.com,9686786050,Pune,47,2024-09-16,UNKNOWN
507,Rakesh,Kumari,rakesh.kumari@gmail.com,9495687336,Pune,27,2023-09-28,UNKNOWN
abc,Rakesh,Singh,rakesh.singhgmail.com,9762349468,Hyderabad,43,2023-01-30,ACTIVE
509,John,Reddy,john.reddy@gmail.com,9185315776,Hyderabad,,2023-10-27,INACTIVE
510,Sneha,Singh,sneha.singh@gmail.com,9994348993,Mumbai,22,2023-06-27,INACTIVE
511,Sneha,Gupta,sneha.gupta@gmail.com,9844981383,Chennai,20,2024-12-04,UNKNOWN
512,Kiran,Iyer,kiran.iyer@gmail.com,9630429444,Chennai,41,2023-01-27,UNKNOWN
513,Anita,Nair,anita.nair@gmail.com,9529972566,Delhi,58,2024-08-22,UNKNOWN
514,Amit,Kumari,amit.kumari@gmail.com,9530986794,Bangalore,43,2025-03-11,ACTIVE
515,Ravi,Sharma,ravi.sharma@gmail.com,9498693843,Kolkata,48,2023-11-12,INACTIVE
516,John,Reddy,john.reddy@gmail.com,9267328124,Bangalore,26,2024-05-26,UNKNOWN
517,Suresh,Gupta,suresh.gupta@gmail.com,9483549811,Chennai,55,2023-09-21,INACTIVE
518,Pooja,Khan,pooja.khan@gmail.com,9095157748,Mumbai,40,2024-03-10,INACTIVE
519,Anita,Sharma,anita.sharma@gmail.com,9548354452,Bangalore,60,2023-06-08,UNKNOWN
520,Vikram,Kumari,vikram.kumari@gmail.com,9656991414,Mumbai,51,2024-02-03,INACTIVE
521,Rahul,Singh,rahul.singh@gmail.com,9745231363,Pune,53,2024-08-22,ACTIVE
522,Suresh,Singh,suresh.singh@gmail.com,9890916007,Chennai,25,2023-04-08,UNKNOWN
523,Rakesh,Verma,rakesh.verma@gmail.com,9145399251,Mumbai,26,2024-05-03,INACTIVE
524,Kiran,Patel,kiran.patel@gmail.com,9026971947,Bangalore,34,2024-01-15,INACTIVE
525,Arjun,Iyer,arjun.iyergmail.com,9016416851,Delhi,41,2023-09-24,UNKNOWN
526,Vikram,Sharma,vikram.sharma@gmail.com,9157216500,Pune,52,2023-10-10,ACTIVE
527,Anita,Kumari,anita.kumari@gmail.com,9061039992,Kolkata,55,2023-01-09,INACTIVE
528,Sneha,Kumari,sneha.kumari@gmail.com,9991443475,Pune,39,2024-05-03,UNKNOWN
529,John,Kumari,john.kumari@gmail.com,9420436585,Delhi,51,2024-07-17,UNKNOWN
530,Kiran,Singh,kiran.singh@gmail.com,9105098515,Bangalore,50,2023-09-06,INACTIVE
531,Suresh,Singh,suresh.singh@gmail.com,9884787692,Delhi,32,2024-08-06,UNKNOWN
532,Sneha,Nair,sneha.nairgmail.com,9526276518,Chennai,22,2023-05-04,UNKNOWN
533,Anita,Sharma,anita.sharmagmail.com,9454151216,Hyderabad,19,2023-12-14,INACTIVE
534,Arjun,Iyer,arjun.iyer@gmail.com,9787599294,Bangalore,46,2024-02-22,ACTIVE
535,Anita,Kumari,anita.kumari@gmail.com,9356704088,Hyderabad,37,2024-09-25,INACTIVE
536,Pooja,Gupta,pooja.gupta@gmail.com,9783341014,Delhi,28,2023-12-08,ACTIVE
537,Arjun,Yadav,arjun.yadav@gmail.com,9490484531,Bangalore,31,2024-04-24,INACTIVE
538,Amit,Verma,amit.verma@gmail.com,9595108643,Chennai,43,2024-07-12,ACTIVE
539,Rakesh,Nair,rakesh.nair@gmail.com,9787731937,Delhi,38,,UNKNOWN
540,Anita,Iyer,anita.iyer@gmail.com,9148999649,Chennai,48,2023-10-04,ACTIVE
541,Anita,Gupta,anita.gupta@gmail.com,9400036512,Hyderabad,44,2023-11-02,ACTIVE
542,Suresh,Khan,suresh.khan@gmail.com,9776418582,Pune,50,2023-11-18,UNKNOWN
543,Vikram,Patel,vikram.patel@gmail.com,9991337862,Delhi,57,2024-11-19,INACTIVE
544,Ravi,Nair,ravi.nair@gmail.com,9523635971,Mumbai,32,2023-06-08,ACTIVE
545,Rakesh,Khan,rakesh.khan@gmail.com,9545179725,Hyderabad,51,2023-12-29,ACTIVE
546,Arjun,Yadav,arjun.yadav@gmail.com,9448384192,Bangalore,50,2023-11-30,UNKNOWN
547,Ravi,Sharma,ravi.sharma@gmail.com,9310517494,Bangalore,54,2024-07-15,UNKNOWN
548,Meena,Doe,meena.doe@gmail.com,9863295136,Hyderabad,40,2024-12-29,INACTIVE
549,Rahul,Singh,rahul.singh@gmail.com,9842022730,Kolkata,19,2024-01-09,UNKNOWN
550,Anita,Nair,anita.nair@gmail.com,9757833331,Mumbai,24,2025-02-10,UNKNOWN
551,Anita,Doe,anita.doe@gmail.com,9032734227,Delhi,46,2025-01-05,UNKNOWN
552,Sneha,Doe,sneha.doe@gmail.com,9791968030,Hyderabad,24,2023-01-13,UNKNOWN
553,Priya,Khan,priya.khan@gmail.com,9556698463,Kolkata,26,2024-09-27,UNKNOWN
554,Suresh,Nair,suresh.nair@gmail.com,9121962529,Chennai,24,2024-02-20,ACTIVE
555,Amit,Nair,amit.nair@gmail.com,9857304536,Pune,49,2023-11-11,UNKNOWN
556,Anita,Yadav,anita.yadavgmail.com,9928500468,Pune,18,2023-01-27,INACTIVE
557,John,Singh,john.singh@gmail.com,9591146022,Delhi,34,2025-01-10,INACTIVE
558,Kiran,Reddy,kiran.reddy@gmail.com,9972567064,Pune,41,,INACTIVE
559,Kiran,Nair,kiran.nair@gmail.com,9012070301,Delhi,,2024-10-01,ACTIVE
560,Sneha,Khan,sneha.khan@gmail.com,notaphone,Kolkata,50,2023-08-09,ACTIVE
561,John,Yadav,john.yadav@gmail.com,9011186765,Delhi,53,2024-01-19,INACTIVE
562,Vikram,Yadav,vikram.yadavgmail.com,9192108998,Chennai,40,2023-12-30,INACTIVE
563,Pooja,Reddy,pooja.reddy@gmail.com,9693507838,Mumbai,28,2024-09-27,ACTIVE
564,Kiran,Iyer,kiran.iyer@gmail.com,9838405413,Hyderabad,43,2024-04-22,ACTIVE
565,John,Kumari,john.kumari@gmail.com,9366762269,Hyderabad,34,2023-04-19,INACTIVE
566,Ravi,Nair,ravi.nair@gmail.com,9213091374,Hyderabad,28,2023-09-14,ACTIVE
567,Sneha,Iyer,sneha.iyer@gmail.com,9315891581,Delhi,53,2024-10-17,INACTIVE
568,Neha,Khan,neha.khan@gmail.com,9904785593,Mumbai,42,2023-10-03,INACTIVE
569,Amit,Reddy,amit.reddy@gmail.com,9743125354,Pune,47,2024-10-02,ACTIVE
570,John,Nair,john.nair@gmail.com,9963870558,Kolkata,28,,INACTIVE
571,John,Verma,john.verma@gmail.com,9633357388,Bangalore,33,2023-08-09,INACTIVE
572,Vikram,Patel,vikram.patel@gmail.com,9600308982,Mumbai,46,2023-12-15,UNKNOWN
573,Rahul,Gupta,rahul.gupta@gmail.com,9993862408,Bangalore,27,2023-08-16,ACTIVE
574,Neha,Reddy,neha.reddy@gmail.com,9269253878,Bangalore,32,2024-08-20,ACTIVE
575,Meena,Yadav,meena.yadav@gmail.com,9527412851,Bangalore,29,2024-07-16,UNKNOWN
,Suresh,Yadav,suresh.yadav@gmail.com,9307584669,Kolkata,52,2024-07-19,INACTIVE
577,Suresh,Iyer,suresh.iyer@gmail.com,9187520906,Bangalore,41,2023-11-06,INACTIVE
578,Rahul,Yadav,rahul.yadav@gmail.com,9673478451,Delhi,40,,INACTIVE
579,Arjun,Verma,arjun.verma@gmail.com,9170293239,Kolkata,51,2023-02-09,UNKNOWN
580,Rahul,Kumari,rahul.kumari@gmail.com,9949985085,Mumbai,52,2024-05-26,ACTIVE
581,John,Sharma,john.sharmagmail.com,9303951905,Pune,41,2023-08-10,ACTIVE
582,Pooja,Khan,pooja.khan@gmail.com,9236169658,Chennai,36,2024-06-26,UNKNOWN
583,Pooja,Kumari,pooja.kumari@gmail.com,9083079287,Chennai,60,2023-06-26,INACTIVE
584,Meena,Singh,meena.singh@gmail.com,9477158422,Delhi,40,2024-12-04,ACTIVE
585,Meena,Patel,meena.patel@gmail.com,9100081576,Pune,46,2024-02-17,INACTIVE
586,Meena,Reddy,meena.reddy@gmail.com,9785849671,Delhi,24,2023-12-24,UNKNOWN
587,Arjun,Sharma,arjun.sharma@gmail.com,9492080940,Mumbai,20,2024-02-29,INACTIVE
588,Priya,Gupta,priya.gupta@gmail.com,notaphone,Bangalore,,2023-02-01,ACTIVE
589,Meena,Kumari,meena.kumari@gmail.com,9418132814,Bangalore,27,2023-11-03,INACTIVE
590,Priya,Sharma,priya.sharma@gmail.com,9731587337,Mumbai,,2023-08-18,ACTIVE
591,Anita,Kumari,anita.kumari@gmail.com,9739377958,Mumbai,50,2024-02-02,ACTIVE
592,Amit,Nair,amit.nair@gmail.com,9100603906,Mumbai,51,2023-03-06,ACTIVE
593,,Kumari,.kumari@gmail.com,9524613693,Pune,42,2023-09-08,UNKNOWN
594,Rakesh,Sharma,rakesh.sharma@gmail.com,9256808311,Pune,54,2023-12-04,UNKNOWN
595,Priya,Gupta,priya.gupta@gmail.com,9122300128,Kolkata,200,2023-09-15,INACTIVE
596,Meena,Nair,meena.nair@gmail.com,9964188544,Pune,21,2023-05-31,ACTIVE
597,Rahul,Sharma,rahul.sharma@gmail.com,9862719501,Chennai,40,2023-10-29,INACTIVE
598,Kiran,Verma,kiran.verma@gmail.com,9619804308,Mumbai,49,2023-12-10,ACTIVE
599,Sneha,Patel,sneha.patel@gmail.com,9398297743,Kolkata,22,,UNKNOWN
600,Amit,Nair,amit.nair@gmail.com,9566217426,Kolkata,45,2025-01-20,UNKNOWN
abc,Kiran,Reddy,kiran.reddy@gmail.com,9491263600,Delhi,20,2025-01-17,ACTIVE
602,Arjun,Reddy,arjun.reddy@gmail.com,9737426478,Mumbai,46,2024-12-15,INACTIVE
603,,Singh,.singh@gmail.com,9757898291,Hyderabad,52,2024-08-01,ACTIVE
604,Amit,Patel,amit.patel@gmail.com,9397026470,Delhi,58,2025-02-05,UNKNOWN
605,Amit,Gupta,amit.gupta@gmail.com,9846219160,Bangalore,42,2025-03-05,INACTIVE
606,Rakesh,Gupta,rakesh.gupta@gmail.com,9714469995,Pune,19,2023-09-24,INACTIVE
607,Kiran,Reddy,kiran.reddy@gmail.com,9432912545,Delhi,29,2023-11-13,INACTIVE
608,Amit,Singh,amit.singh@gmail.com,notaphone,Kolkata,200,2023-05-08,UNKNOWN
609,Arjun,Gupta,arjun.gupta@gmail.com,9893734587,Bangalore,27,2024-06-25,ACTIVE
610,Sneha,Patel,sneha.patel@gmail.com,9694167111,Pune,53,2024-09-19,ACTIVE
abc,Suresh,Singh,suresh.singh@gmail.com,9532741116,Chennai,56,2023-06-09,ACTIVE
612,Sneha,Reddy,sneha.reddy@gmail.com,9162544262,Pune,36,2023-05-20,UNKNOWN
613,Rahul,Gupta,rahul.gupta@gmail.com,9386582605,Delhi,49,2024-11-07,UNKNOWN
,Rahul,Reddy,rahul.reddy@gmail.com,9057140295,Hyderabad,59,2023-05-08,ACTIVE
615,Ravi,Yadav,ravi.yadav@gmail.com,9952006494,Mumbai,31,2023-03-01,INACTIVE
616,Ravi,Gupta,ravi.gupta@gmail.com,9471110290,Chennai,35,2025-03-06,UNKNOWN
617,Suresh,Verma,suresh.verma@gmail.com,9365307194,Delhi,49,2025-03-06,UNKNOWN
618,Priya,Patel,priya.patel@gmail.com,9407968170,Hyderabad,38,2024-05-13,UNKNOWN
619,Ravi,Patel,ravi.patel@gmail.com,9234932000,Hyderabad,49,2023-09-25,UNKNOWN
620,Vikram,Doe,vikram.doe@gmail.com,9031243397,Delhi,22,2023-01-21,INACTIVE
621,Anita,Kumari,anita.kumari@gmail.com,9148012360,Kolkata,26,2023-03-22,UNKNOWN
622,Sneha,Doe,sneha.doe@gmail.com,9616033123,Pune,22,2023-11-19,UNKNOWN
623,Meena,Reddy,meena.reddy@gmail.com,9096590309,Delhi,23,2024-03-06,ACTIVE
624,Ravi,Iyer,ravi.iyer@gmail.com,9183931258,Mumbai,60,,INACTIVE
625,Amit,Verma,amit.verma@gmail.com,9117335270,Kolkata,37,2023-08-07,UNKNOWN
626,Meena,Kumari,meena.kumari@gmail.com,9097582882,Hyderabad,21,2023-04-26,UNKNOWN
627,Meena,Iyer,meena.iyer@gmail.com,9753795647,Delhi,39,2024-04-25,INACTIVE
628,Anita,Gupta,anita.gupta@gmail.com,9398291078,Chennai,36,2024-02-22,UNKNOWN
629,Priya,Gupta,priya.gupta@gmail.com,9859227055,Mumbai,32,2024-11-23,ACTIVE
630,Rakesh,Nair,rakesh.nair@gmail.com,9002231406,Hyderabad,53,2023-12-07,INACTIVE
631,Meena,Khan,meena.khan@gmail.com,9794930109,Mumbai,28,2023-12-15,INACTIVE
632,John,Iyer,john.iyer@gmail.com,9676276879,Pune,28,,UNKNOWN
633,Rakesh,Iyer,rakesh.iyer@gmail.com,9834188249,Delhi,48,2023-03-02,INACTIVE
634,Neha,Nair,neha.nair@gmail.com,9721978866,Kolkata,52,2023-07-15,UNKNOWN
,Amit,Doe,amit.doe@gmail.com,9571641070,Pune,20,2023-01-14,INACTIVE
636,Meena,Kumari,meena.kumarigmail.com,9170339677,Hyderabad,37,2024-12-20,INACTIVE
637,Kiran,Yadav,kiran.yadav@gmail.com,9692544349,Hyderabad,39,2025-02-23,UNKNOWN
638,John,Patel,john.patel@gmail.com,9005572882,Kolkata,49,2023-12-26,INACTIVE
639,Arjun,Nair,arjun.nair@gmail.com,9425411018,Kolkata,31,2024-08-04,ACTIVE
640,Pooja,Khan,pooja.khan@gmail.com,9184425771,Pune,42,2024-06-13,INACTIVE
641,Arjun,Nair,arjun.nair@gmail.com,9820437706,Hyderabad,32,2023-11-19,UNKNOWN
642,John,Iyer,john.iyer@gmail.com,9178553421,Bangalore,54,2024-01-10,UNKNOWN
,Pooja,Yadav,pooja.yadav@gmail.com,9751641216,Hyderabad,60,2025-03-06,ACTIVE
644,Kiran,Kumari,kiran.kumari@gmail.com,9429584173,Mumbai,58,2025-01-21,INACTIVE
645,Amit,Nair,amit.nair@gmail.com,9170805700,Chennai,19,2023-03-12,ACTIVE
646,Anita,Reddy,anita.reddy@gmail.com,9936818683,Bangalore,40,2024-08-10,ACTIVE
647,Vikram,Yadav,vikram.yadav@gmail.com,9964216354,Pune,36,2023-05-01,UNKNOWN
648,Vikram,Iyer,vikram.iyer@gmail.com,9407337600,Delhi,60,2023-06-17,UNKNOWN
649,Neha,Sharma,neha.sharma@gmail.com,9729519301,Mumbai,25,2023-04-18,ACTIVE
650,Priya,Patel,priya.patel@gmail.com,9758436099,Mumbai,31,2023-08-03,UNKNOWN
651,Amit,Khan,amit.khan@gmail.com,9615013287,Delhi,36,2025-01-26,INACTIVE
652,Amit,Reddy,amit.reddy@gmail.com,9318924345,Kolkata,24,2025-01-23,INACTIVE
653,Sneha,Khan,sneha.khan@gmail.com,9330407205,Chennai,49,2023-02-21,UNKNOWN
654,Priya,Reddy,priya.reddy@gmail.com,9984218096,Bangalore,37,2024-08-06,UNKNOWN
655,John,Gupta,john.gupta@gmail.com,9964436551,Mumbai,38,2024-08-17,INACTIVE
656,,Doe,.doe@gmail.com,9188525286,Delhi,24,2023-08-09,INACTIVE
657,Suresh,Iyer,suresh.iyer@gmail.com,9320786981,Hyderabad,51,2023-11-20,INACTIVE
abc,Pooja,Khan,pooja.khan@gmail.com,9565332713,Chennai,41,2023-01-27,ACTIVE
659,Rahul,Singh,rahul.singh@gmail.com,9599510328,Chennai,200,2023-12-06,UNKNOWN
660,Anita,Patel,anita.patel@gmail.com,9581890396,Hyderabad,52,2023-12-13,INACTIVE
661,Arjun,Kumari,arjun.kumari@gmail.com,notaphone,Hyderabad,42,2023-03-08,INACTIVE
662,Pooja,Gupta,pooja.gupta@gmail.com,9293990722,Chennai,37,2023-06-29,UNKNOWN
663,John,Doe,john.doe@gmail.com,9842660195,Pune,29,2024-04-09,UNKNOWN
664,Amit,Nair,amit.nair@gmail.com,9547956493,Mumbai,37,2024-04-09,INACTIVE
665,Priya,Nair,priya.nair@gmail.com,9229073835,Kolkata,57,2024-09-05,INACTIVE
666,Suresh,Doe,suresh.doe@gmail.com,9494535430,Chennai,31,2024-02-05,INACTIVE
667,Neha,Sharma,neha.sharma@gmail.com,9576282047,Bangalore,23,2023-01-26,INACTIVE
668,Suresh,Reddy,suresh.reddy@gmail.com,9663274240,Kolkata,55,2025-01-04,ACTIVE
669,John,Patel,john.patel@gmail.com,9253302748,Delhi,32,2024-01-09,ACTIVE
,Rakesh,Nair,rakesh.nair@gmail.com,9756601166,Delhi,34,2024-11-09,ACTIVE
671,Kiran,Kumari,kiran.kumari@gmail.com,9072176072,Kolkata,56,2023-10-02,UNKNOWN
672,Rakesh,Nair,rakesh.nair@gmail.com,9845519455,Kolkata,43,2024-12-04,INACTIVE
673,Priya,Nair,priya.nair@gmail.com,9282874054,Bangalore,28,2024-04-21,INACTIVE
674,Neha,Singh,neha.singh@gmail.com,9835561468,Mumbai,20,2024-08-02,UNKNOWN
675,John,Doe,john.doe@gmail.com,9348158011,Bangalore,43,2025-01-23,UNKNOWN
676,Anita,Patel,anita.patel@gmail.com,9387540140,Bangalore,27,2024-03-21,ACTIVE
677,Pooja,Sharma,pooja.sharma@gmail.com,9622790569,Kolkata,42,2024-08-20,INACTIVE
678,Priya,Singh,priya.singh@gmail.com,9040027514,Kolkata,35,2024-09-13,INACTIVE
679,Ravi,Kumari,ravi.kumari@gmail.com,9644640306,Pune,54,2024-05-12,INACTIVE
680,Rahul,Doe,rahul.doe@gmail.com,9104513059,Bangalore,35,2024-08-27,INACTIVE
,Neha,Verma,neha.verma@gmail.com,9805805957,Hyderabad,22,2024-01-06,INACTIVE
682,Meena,Patel,meena.patel@gmail.com,9697118988,Chennai,31,2024-05-27,UNKNOWN
683,Rahul,Iyer,rahul.iyergmail.com,9958274435,Kolkata,60,2025-02-05,UNKNOWN
684,Ravi,Kumari,ravi.kumari@gmail.com,9950000997,Mumbai,33,2024-04-30,ACTIVE
685,John,Doe,john.doe@gmail.com,9748054385,Delhi,22,2024-02-04,UNKNOWN
686,Anita,Khan,anita.khan@gmail.com,9117349950,Mumbai,51,,ACTIVE
687,Sneha,Gupta,sneha.gupta@gmail.com,9526357635,Hyderabad,55,2024-06-21,INACTIVE
688,Arjun,Nair,arjun.nair@gmail.com,notaphone,Hyderabad,27,2024-10-18,INACTIVE
689,Priya,Khan,priya.khan@gmail.com,9849255470,Mumbai,45,2024-11-30,UNKNOWN
690,Pooja,Nair,pooja.nair@gmail.com,9845933621,Chennai,18,2023-09-04,ACTIVE
691,Vikram,Doe,vikram.doe@gmail.com,9796598420,Chennai,49,2024-03-20,INACTIVE
692,John,Nair,john.nair@gmail.com,9309888805,Kolkata,33,2023-07-19,UNKNOWN
693,Meena,Singh,meena.singh@gmail.com,9768833196,Delhi,40,2024-10-23,UNKNOWN
694,Vikram,Kumari,vikram.kumari@gmail.com,9765814440,Kolkata,22,2023-06-05,ACTIVE
695,Anita,Iyer,anita.iyer@gmail.com,9819508638,Bangalore,53,2023-12-12,ACTIVE
696,Arjun,Khan,arjun.khan@gmail.com,9649288806,Chennai,53,2023-04-07,ACTIVE
697,Vikram,Khan,vikram.khan@gmail.com,9941103408,Pune,28,,UNKNOWN
698,John,Doe,john.doe@gmail.com,9398651759,Kolkata,42,2023-11-11,UNKNOWN
699,John,Singh,john.singh@gmail.com,9750567540,Chennai,23,2025-01-23,UNKNOWN
700,Meena,Singh,meena.singh@gmail.com,9734717377,Mumbai,34,2024-06-27,ACTIVE
701,,Reddy,.reddy@gmail.com,9864073999,Kolkata,58,2023-05-07,UNKNOWN
,Amit,Verma,amit.verma@gmail.com,9612571265,Chennai,54,2023-07-20,INACTIVE
703,Kiran,Kumari,kiran.kumari@gmail.com,9079006596,Mumbai,52,2025-03-02,UNKNOWN
704,Neha,Gupta,neha.gupta@gmail.com,9566648676,Delhi,49,2024-11-18,ACTIVE
705,Rahul,Kumari,rahul.kumari@gmail.com,9208182517,Chennai,25,2023-02-03,UNKNOWN
706,,Nair,.nair@gmail.com,9443603969,Bangalore,34,2025-01-04,INACTIVE
707,Neha,Sharma,neha.sharma@gmail.com,9769608213,Hyderabad,39,2023-10-25,ACTIVE
708,Meena,Singh,meena.singhgmail.com,9630827432,Pune,27,2023-05-01,INACTIVE
709,Meena,Sharma,meena.sharma@gmail.com,9112245221,Chennai,49,2024-07-15,ACTIVE
710,Arjun,Patel,arjun.patelgmail.com,9365366881,Bangalore,44,2023-11-14,INACTIVE
711,Priya,Gupta,priya.guptagmail.com,9057528797,Delhi,34,2023-12-22,INACTIVE
712,Rahul,Reddy,rahul.reddy@gmail.com,9964310032,Mumbai,39,2025-02-04,ACTIVE
713,Amit,Yadav,amit.yadav@gmail.com,9573805695,Bangalore,23,2023-09-25,INACTIVE
,Amit,Kumari,amit.kumari@gmail.com,9145899913,Kolkata,47,2023-12-25,ACTIVE
715,Kiran,Yadav,kiran.yadav@gmail.com,9674177808,Pune,27,2023-06-14,INACTIVE
716,Anita,Khan,anita.khan@gmail.com,9843489799,Pune,46,2024-10-20,UNKNOWN
717,Arjun,Kumari,arjun.kumari@gmail.com,9225589835,Chennai,23,,INACTIVE
718,Priya,Gupta,priya.gupta@gmail.com,9134347640,Hyderabad,59,2024-11-05,ACTIVE
719,Arjun,Reddy,arjun.reddy@gmail.com,9988226053,Chennai,32,2024-11-01,UNKNOWN
720,Pooja,Sharma,pooja.sharma@gmail.com,9241121816,Pune,29,2023-08-07,ACTIVE
721,Ravi,Khan,ravi.khangmail.com,9067892502,Hyderabad,33,2023-10-23,UNKNOWN
722,Meena,Nair,meena.nairgmail.com,9547695785,Pune,52,2024-06-24,ACTIVE
723,Rahul,Singh,rahul.singh@gmail.com,9987629070,Chennai,25,2024-08-14,ACTIVE
724,Amit,Doe,amit.doe@gmail.com,9483159468,Kolkata,52,2023-05-07,UNKNOWN
725,Suresh,Khan,suresh.khan@gmail.com,9132097345,Mumbai,,2024-06-13,ACTIVE
726,John,Gupta,john.gupta@gmail.com,9749032411,Bangalore,36,2023-04-03,UNKNOWN
727,Sneha,Singh,sneha.singhgmail.com,9356597366,Hyderabad,57,2023-04-08,INACTIVE
728,Amit,Doe,amit.doe@gmail.com,9425932876,Hyderabad,48,2024-09-21,INACTIVE
729,Priya,Singh,priya.singh@gmail.com,9257067925,Mumbai,32,2024-01-08,INACTIVE
730,Pooja,Doe,pooja.doe@gmail.com,9486746373,Kolkata,35,2024-03-22,ACTIVE
731,Suresh,Verma,suresh.verma@gmail.com,9574516006,Bangalore,23,2024-11-27,INACTIVE
732,John,Iyer,john.iyer@gmail.com,9908480155,Delhi,42,2024-09-17,INACTIVE
733,Rahul,Gupta,rahul.gupta@gmail.com,9564797806,Pune,46,2024-08-09,ACTIVE
734,Anita,Nair,anita.nair@gmail.com,9828309329,Kolkata,,2023-06-11,INACTIVE
735,Rakesh,Gupta,rakesh.gupta@gmail.com,9834003009,Hyderabad,27,2023-08-30,INACTIVE
736,Priya,Singh,priya.singh@gmail.com,9072405552,Kolkata,19,2023-02-02,ACTIVE
737,Suresh,Kumari,suresh.kumari@gmail.com,9589803951,Delhi,30,2024-11-23,UNKNOWN
738,Sneha,Nair,sneha.nair@gmail.com,9065755573,Delhi,27,2023-11-24,INACTIVE
739,Kiran,Iyer,kiran.iyer@gmail.com,9690455953,Chennai,18,2025-01-02,INACTIVE
740,Ravi,Patel,ravi.patel@gmail.com,9945332294,Chennai,23,2023-08-18,INACTIVE
741,Rakesh,Yadav,rakesh.yadav@gmail.com,notaphone,Hyderabad,25,2023-06-16,ACTIVE
742,Priya,Patel,priya.patel@gmail.com,notaphone,Kolkata,39,2024-01-03,ACTIVE
743,Vikram,Khan,vikram.khan@gmail.com,9842706494,Pune,50,2024-09-20,UNKNOWN
744,Ravi,Kumari,ravi.kumari@gmail.com,9443426604,Chennai,59,,ACTIVE
745,Rahul,Singh,rahul.singh@gmail.com,9745032819,Bangalore,26,2024-09-11,ACTIVE
746,Pooja,Singh,pooja.singh@gmail.com,9980888900,Pune,24,2023-08-18,UNKNOWN
747,Rakesh,Khan,rakesh.khan@gmail.com,9502003666,Mumbai,50,2024-08-18,UNKNOWN
abc,Rakesh,Nair,rakesh.nair@gmail.com,9950576437,Delhi,52,2023-04-11,UNKNOWN
749,Amit,Patel,amit.patel@gmail.com,9795647063,Pune,34,2024-07-08,ACTIVE
750,Meena,Nair,meena.nair@gmail.com,9872973642,Bangalore,24,2024-11-21,ACTIVE
751,Priya,Verma,priya.verma@gmail.com,9205709982,Bangalore,34,2023-09-25,UNKNOWN
752,Meena,Iyer,meena.iyer@gmail.com,9479478019,Kolkata,58,2023-07-01,ACTIVE
753,Rakesh,Patel,rakesh.patel@gmail.com,9098376347,Mumbai,28,2024-04-18,UNKNOWN
754,Kiran,Nair,kiran.nair@gmail.com,9415342779,Bangalore,44,2024-09-25,UNKNOWN
755,Arjun,Nair,arjun.nair@gmail.com,9160493209,Delhi,46,2023-03-14,INACTIVE
756,Suresh,Doe,suresh.doe@gmail.com,9286320157,Mumbai,27,2025-02-28,INACTIVE
757,Suresh,Doe,suresh.doe@gmail.com,9631258468,Delhi,58,2025-03-05,INACTIVE
758,John,Sharma,john.sharma@gmail.com,9107463693,Bangalore,34,2024-04-16,UNKNOWN
759,Vikram,Gupta,vikram.gupta@gmail.com,9153363683,Kolkata,37,2023-10-01,ACTIVE
760,Priya,Gupta,priya.gupta@gmail.com,9774009497,Kolkata,20,2024-12-28,ACTIVE
761,Ravi,Kumari,ravi.kumarigmail.com,9529414366,Mumbai,27,2025-01-12,INACTIVE
762,Rahul,Patel,rahul.patel@gmail.com,9453141061,Bangalore,59,2023-02-16,UNKNOWN
763,Rakesh,Yadav,rakesh.yadav@gmail.com,9887107813,Pune,21,2023-12-19,ACTIVE
764,Kiran,Sharma,kiran.sharmagmail.com,9216337678,Kolkata,23,2023-10-12,ACTIVE
765,Amit,Patel,amit.patel@gmail.com,9190676039,Mumbai,47,2024-01-19,UNKNOWN
766,Rahul,Doe,rahul.doe@gmail.com,9620847487,Bangalore,47,2024-01-12,INACTIVE
767,Rakesh,Patel,rakesh.patel@gmail.com,9683090880,Delhi,59,2023-02-05,ACTIVE
768,Amit,Reddy,amit.reddy@gmail.com,9987103477,Mumbai,35,2023-05-30,INACTIVE
abc,Ravi,Singh,ravi.singh@gmail.com,9318483163,Pune,23,2023-10-11,UNKNOWN
770,Rahul,Verma,rahul.verma@gmail.com,9876902048,Hyderabad,44,2024-01-06,INACTIVE
771,Amit,Sharma,amit.sharma@gmail.com,9696640223,Bangalore,28,2023-02-26,INACTIVE
772,Ravi,Sharma,ravi.sharma@gmail.com,9118946767,Kolkata,38,2024-09-06,UNKNOWN
773,Priya,Reddy,priya.reddy@gmail.com,9150789690,Pune,47,2023-01-09,UNKNOWN
774,Arjun,Gupta,arjun.gupta@gmail.com,9640692007,Hyderabad,29,2023-09-23,INACTIVE
775,Priya,Gupta,priya.gupta@gmail.com,9835232253,Bangalore,54,2023-11-12,UNKNOWN
776,Ravi,Gupta,ravi.gupta@gmail.com,9188349786,Hyderabad,38,2024-11-17,UNKNOWN
777,Sneha,Yadav,sneha.yadav@gmail.com,9954265437,Bangalore,37,2025-01-06,UNKNOWN
778,Ravi,Reddy,ravi.reddy@gmail.com,9078954534,Pune,36,2024-06-30,INACTIVE
779,Vikram,Doe,vikram.doe@gmail.com,9097863152,Mumbai,43,2023-04-14,INACTIVE
780,Suresh,Sharma,suresh.sharma@gmail.com,9572215218,Chennai,22,2024-07-01,UNKNOWN
781,Arjun,Kumari,arjun.kumari@gmail.com,9757094785,Chennai,,2023-04-23,ACTIVE
782,Rakesh,Reddy,rakesh.reddy@gmail.com,9411955019,Kolkata,37,2024-08-16,UNKNOWN
783,Amit,Patel,amit.patel@gmail.com,9031147506,Chennai,47,2024-05-07,UNKNOWN
784,Priya,Kumari,priya.kumari@gmail.com,9990841974,Delhi,24,2023-03-13,INACTIVE
785,John,Reddy,john.reddy@gmail.com,9540833129,Kolkata,27,2024-03-27,INACTIVE
786,Vikram,Gupta,vikram.gupta@gmail.com,9285646432,Mumbai,58,2024-10-19,UNKNOWN
787,Amit,Verma,amit.verma@gmail.com,9960709708,Delhi,41,2023-01-24,ACTIVE
788,Pooja,Yadav,pooja.yadav@gmail.com,9149361581,Delhi,46,2024-12-31,UNKNOWN
789,Arjun,Gupta,arjun.gupta@gmail.com,9724183332,Pune,45,2023-06-13,INACTIVE
790,Meena,Kumari,meena.kumari@gmail.com,9529288621,Delhi,39,2024-05-03,ACTIVE
,Meena,Verma,meena.vermagmail.com,9187913393,Hyderabad,56,2024-02-01,UNKNOWN
abc,Sneha,Khan,sneha.khan@gmail.com,notaphone,Kolkata,55,2024-06-12,INACTIVE
793,Sneha,Gupta,sneha.gupta@gmail.com,9329377863,Chennai,,2023-08-18,UNKNOWN
794,Vikram,Reddy,vikram.reddy@gmail.com,9603675908,Hyderabad,56,2023-01-09,INACTIVE
795,Suresh,Singh,suresh.singh@gmail.com,9065582471,Chennai,27,2023-12-02,INACTIVE
796,Arjun,Doe,arjun.doe@gmail.com,9123675670,Bangalore,28,2024-02-08,UNKNOWN
797,Rakesh,Reddy,rakesh.reddy@gmail.com,9849267598,Bangalore,38,2023-02-03,INACTIVE
798,Rahul,Khan,rahul.khan@gmail.com,9886637756,Kolkata,44,2024-06-04,UNKNOWN
799,Rakesh,Doe,rakesh.doe@gmail.com,9112644581,Bangalore,33,2024-12-29,UNKNOWN
800,Amit,Reddy,amit.reddy@gmail.com,9696273937,Chennai,58,2023-09-21,UNKNOWN
801,Priya,Iyer,priya.iyer@gmail.com,9316385156,Bangalore,20,2024-02-20,UNKNOWN
802,Anita,Singh,anita.singh@gmail.com,9742621585,Chennai,51,2023-04-23,UNKNOWN
803,Suresh,Sharma,suresh.sharma@gmail.com,9079994242,Chennai,56,2024-03-26,UNKNOWN
804,Anita,Reddy,anita.reddygmail.com,9145483156,Hyderabad,39,2024-01-14,UNKNOWN
805,Suresh,Gupta,suresh.gupta@gmail.com,9388364420,Hyderabad,33,2023-10-13,INACTIVE
806,Vikram,Patel,vikram.patel@gmail.com,9825355798,Kolkata,37,2023-05-29,INACTIVE
807,Sneha,Gupta,sneha.gupta@gmail.com,9377567434,Bangalore,58,2024-12-18,INACTIVE
808,Suresh,Verma,suresh.verma@gmail.com,9694293942,Pune,22,2025-01-30,ACTIVE
809,Priya,Sharma,priya.sharma@gmail.com,9544619528,Pune,58,2024-01-05,INACTIVE
810,Arjun,Nair,arjun.nair@gmail.com,notaphone,Delhi,44,2023-08-17,INACTIVE
811,Priya,Reddy,priya.reddygmail.com,9819635056,Chennai,30,2023-11-26,INACTIVE
812,Amit,Iyer,amit.iyer@gmail.com,9978575600,Hyderabad,38,2023-12-11,INACTIVE
813,Ravi,Khan,ravi.khangmail.com,9431655724,Delhi,53,2023-06-10,INACTIVE
814,Vikram,Patel,vikram.patel@gmail.com,9136502423,Bangalore,56,2025-01-04,INACTIVE
815,Vikram,Nair,vikram.nair@gmail.com,9412729451,Bangalore,35,2024-05-19,UNKNOWN
816,Meena,Gupta,meena.gupta@gmail.com,9197035544,Chennai,18,2024-11-14,INACTIVE
817,Priya,Verma,priya.verma@gmail.com,9639304342,Bangalore,35,2024-11-18,ACTIVE
818,Pooja,Singh,pooja.singh@gmail.com,9461142571,Chennai,35,2024-05-21,UNKNOWN
819,Rahul,Reddy,rahul.reddy@gmail.com,9038464576,Hyderabad,33,2023-10-19,UNKNOWN
820,Anita,Doe,anita.doe@gmail.com,9907432962,Delhi,44,2023-08-04,UNKNOWN
821,Vikram,Nair,vikram.nairgmail.com,notaphone,Delhi,30,2023-07-19,ACTIVE
822,Pooja,Gupta,pooja.gupta@gmail.com,9717887641,Delhi,39,2024-08-05,UNKNOWN
823,Ravi,Khan,ravi.khan@gmail.com,9486108624,Hyderabad,19,2025-01-27,UNKNOWN
824,Rakesh,Yadav,rakesh.yadav@gmail.com,notaphone,Bangalore,25,2024-02-25,UNKNOWN
825,Suresh,Gupta,suresh.gupta@gmail.com,9314067582,Mumbai,24,2023-07-21,INACTIVE
826,John,Nair,john.nair@gmail.com,9173484848,Hyderabad,31,2024-01-26,ACTIVE
827,Priya,Verma,priya.verma@gmail.com,9957268971,Kolkata,42,2024-03-11,UNKNOWN
828,Anita,Nair,anita.nair@gmail.com,9121768291,Chennai,22,2025-01-31,INACTIVE
829,Priya,Gupta,priya.gupta@gmail.com,9234504763,Hyderabad,53,2023-12-20,UNKNOWN
830,Amit,Reddy,amit.reddy@gmail.com,9024954206,Hyderabad,41,2024-02-27,ACTIVE
831,Pooja,Patel,pooja.patel@gmail.com,9007710558,Mumbai,50,2023-05-27,ACTIVE
832,Anita,Singh,anita.singh@gmail.com,9142091498,Pune,59,2024-03-27,UNKNOWN
833,Meena,Nair,meena.nair@gmail.com,9456896623,Chennai,25,2023-02-27,UNKNOWN
834,Ravi,Gupta,ravi.gupta@gmail.com,9622961220,Bangalore,28,2024-03-31,UNKNOWN
835,Kiran,Yadav,kiran.yadav@gmail.com,9951914116,Delhi,31,2023-09-02,ACTIVE
,Meena,Nair,meena.nairgmail.com,9280384066,Kolkata,43,2023-07-22,ACTIVE
837,Arjun,Kumari,arjun.kumari@gmail.com,9170855032,Mumbai,41,2024-07-17,INACTIVE
838,Vikram,Nair,vikram.nair@gmail.com,9356603810,Mumbai,24,2024-10-19,ACTIVE
839,Anita,Verma,anita.verma@gmail.com,9281999547,Chennai,27,2024-05-09,ACTIVE
840,Anita,Reddy,anita.reddy@gmail.com,9197516782,Bangalore,29,2024-08-25,UNKNOWN
841,Rahul,Singh,rahul.singh@gmail.com,9653921681,Delhi,37,2024-07-12,UNKNOWN
842,Meena,Reddy,meena.reddy@gmail.com,9112109227,Pune,46,2023-05-01,UNKNOWN
843,Neha,Reddy,neha.reddy@gmail.com,9890852051,Mumbai,60,2024-10-20,UNKNOWN
844,Vikram,Singh,vikram.singh@gmail.com,9087832800,Mumbai,27,,INACTIVE
845,Kiran,Iyer,kiran.iyer@gmail.com,9799686965,Kolkata,25,2024-04-28,ACTIVE
846,Sneha,Sharma,sneha.sharma@gmail.com,9195344909,Kolkata,27,2023-10-01,ACTIVE
847,Amit,Iyer,amit.iyer@gmail.com,9190270559,Pune,33,2023-09-17,ACTIVE
848,Priya,Iyer,priya.iyer@gmail.com,9133338730,Delhi,27,2023-01-05,ACTIVE
849,John,Yadav,john.yadav@gmail.com,9472017599,Delhi,54,2025-01-14,ACTIVE
850,Kiran,Doe,kiran.doe@gmail.com,9111760470,Bangalore,19,2023-02-11,UNKNOWN
851,Arjun,Singh,arjun.singh@gmail.com,9903055766,Bangalore,32,2023-09-01,ACTIVE
852,Meena,Singh,meena.singhgmail.com,9952373246,Hyderabad,40,2024-08-08,ACTIVE
853,Pooja,Khan,pooja.khan@gmail.com,9763970826,Mumbai,38,2024-08-21,ACTIVE
854,Anita,Singh,anita.singh@gmail.com,9534162596,Kolkata,43,2023-10-10,UNKNOWN
855,Meena,Gupta,meena.gupta@gmail.com,9369049123,Pune,200,2024-11-21,INACTIVE
856,John,Verma,john.verma@gmail.com,9897558019,Mumbai,40,2023-10-10,ACTIVE
857,Priya,Verma,priya.verma@gmail.com,9674107744,Pune,40,2023-10-13,INACTIVE
858,Amit,Singh,amit.singh@gmail.com,9564562828,Bangalore,30,2023-09-11,ACTIVE
859,Kiran,Yadav,kiran.yadav@gmail.com,notaphone,Mumbai,18,2024-04-15,UNKNOWN
860,John,Patel,john.patel@gmail.com,9295103671,Delhi,36,2023-04-02,ACTIVE
861,Rahul,Verma,rahul.verma@gmail.com,9846304904,Mumbai,50,2024-04-10,INACTIVE
862,Suresh,Iyer,suresh.iyer@gmail.com,9283401159,Kolkata,26,2023-02-15,INACTIVE
863,John,Reddy,john.reddy@gmail.com,9135219260,Delhi,55,2023-04-07,UNKNOWN
864,Amit,Singh,amit.singh@gmail.com,9826858060,Bangalore,47,,ACTIVE
865,Suresh,Nair,suresh.nair@gmail.com,9623818109,Hyderabad,54,2024-06-27,UNKNOWN
866,Neha,Khan,neha.khan@gmail.com,9191207239,Bangalore,56,2024-09-20,INACTIVE
,Kiran,Yadav,kiran.yadav@gmail.com,9838537488,Pune,21,2024-08-07,ACTIVE
868,Vikram,Khan,vikram.khan@gmail.com,9632739136,Kolkata,55,2025-01-28,UNKNOWN
869,Ravi,Reddy,ravi.reddy@gmail.com,9853928470,Delhi,27,2024-10-26,ACTIVE
870,Priya,Nair,priya.nair@gmail.com,9150368443,Mumbai,59,2024-03-09,UNKNOWN
871,Rahul,Nair,rahul.nair@gmail.com,9704636369,Delhi,51,2023-12-17,INACTIVE
872,Sneha,Doe,sneha.doe@gmail.com,9965595948,Delhi,26,2025-02-21,UNKNOWN
873,Rakesh,Gupta,rakesh.gupta@gmail.com,9964866365,Bangalore,20,2024-02-27,UNKNOWN
874,Sneha,Nair,sneha.nair@gmail.com,9629796519,Chennai,46,2024-09-02,ACTIVE
875,Neha,Iyer,neha.iyer@gmail.com,9246291902,Mumbai,60,2023-05-06,ACTIVE
876,Priya,Reddy,priya.reddy@gmail.com,notaphone,Hyderabad,47,2023-01-25,ACTIVE
877,Priya,Yadav,priya.yadav@gmail.com,9610350281,Pune,27,2024-05-25,ACTIVE
878,Sneha,Yadav,sneha.yadav@gmail.com,9732744569,Chennai,38,2023-09-12,UNKNOWN
879,Anita,Iyer,anita.iyer@gmail.com,9239477298,Hyderabad,27,2024-05-21,INACTIVE
880,Rakesh,Doe,rakesh.doe@gmail.com,9099810508,Pune,21,2023-07-13,ACTIVE
881,Priya,Patel,priya.patel@gmail.com,9026541691,Pune,25,2025-01-12,ACTIVE
882,Vikram,Sharma,vikram.sharma@gmail.com,9191809628,Bangalore,44,2024-02-20,ACTIVE
883,Kiran,Sharma,kiran.sharma@gmail.com,9857460778,Hyderabad,22,2023-03-23,INACTIVE
884,Kiran,Verma,kiran.verma@gmail.com,notaphone,Delhi,58,2024-07-19,UNKNOWN
885,Pooja,Iyer,pooja.iyer@gmail.com,9383985728,Hyderabad,45,2024-07-17,ACTIVE
886,Priya,Reddy,priya.reddy@gmail.com,9636360907,Bangalore,30,2024-08-08,UNKNOWN
887,Pooja,Verma,pooja.verma@gmail.com,9431338220,Chennai,18,2024-02-07,UNKNOWN
888,Amit,Iyer,amit.iyer@gmail.com,9360284204,Hyderabad,35,2023-05-17,INACTIVE
889,Suresh,Singh,suresh.singh@gmail.com,9043119017,Chennai,21,2024-08-17,UNKNOWN
890,Pooja,Doe,pooja.doe@gmail.com,9435881918,Hyderabad,44,2025-03-05,INACTIVE
891,Amit,Kumari,amit.kumari@gmail.com,9111036855,Pune,54,2024-07-30,ACTIVE
892,Priya,Kumari,priya.kumari@gmail.com,9290346679,Hyderabad,22,2023-03-25,UNKNOWN
893,Neha,Sharma,neha.sharma@gmail.com,9708912517,Pune,18,2024-06-26,ACTIVE
894,Rakesh,Verma,rakesh.verma@gmail.com,9754989186,Chennai,56,2023-11-24,INACTIVE
895,Neha,Verma,neha.verma@gmail.com,9068816072,Pune,42,2023-01-11,ACTIVE
896,Suresh,Patel,suresh.patel@gmail.com,9631786706,Kolkata,51,2023-09-15,ACTIVE
897,Arjun,Sharma,arjun.sharma@gmail.com,9288573243,Bangalore,49,2025-01-30,ACTIVE
898,Pooja,Singh,pooja.singh@gmail.com,9365422197,Delhi,58,2023-10-12,ACTIVE
899,Amit,Khan,amit.khan@gmail.com,9721103070,Hyderabad,28,2023-07-21,INACTIVE
900,Amit,Doe,amit.doe@gmail.com,9087483153,Pune,50,2025-03-09,INACTIVE
901,Kiran,Doe,kiran.doe@gmail.com,9867808942,Chennai,24,2024-11-27,INACTIVE
902,Kiran,Iyer,kiran.iyer@gmail.com,9846448677,Bangalore,51,2024-03-18,UNKNOWN
903,Kiran,Nair,kiran.nair@gmail.com,9663986244,Bangalore,42,2024-03-28,ACTIVE
904,Arjun,Verma,arjun.verma@gmail.com,9815272863,Kolkata,52,2023-10-20,ACTIVE
905,Pooja,Kumari,pooja.kumari@gmail.com,9447790520,Mumbai,35,2024-10-13,ACTIVE
906,Kiran,Verma,kiran.verma@gmail.com,9191892142,Delhi,40,2024-03-21,UNKNOWN
907,Kiran,Iyer,kiran.iyer@gmail.com,9873629708,Pune,37,2023-06-06,UNKNOWN
908,Priya,Iyer,priya.iyer@gmail.com,9221155915,Delhi,55,2024-09-06,ACTIVE
909,Neha,Khan,neha.khan@gmail.com,9761453145,Mumbai,40,2024-12-24,INACTIVE
910,Arjun,Nair,arjun.nair@gmail.com,9917690591,Bangalore,30,2023-03-10,ACTIVE
,Sneha,Kumari,sneha.kumarigmail.com,9752415912,Chennai,31,2023-11-25,INACTIVE
912,Arjun,Gupta,arjun.gupta@gmail.com,9900906320,Mumbai,54,2023-11-15,INACTIVE
913,Suresh,Patel,suresh.patel@gmail.com,9181039005,Pune,35,,UNKNOWN
914,John,Verma,john.verma@gmail.com,9805507199,Pune,42,2025-03-08,UNKNOWN
915,Vikram,Reddy,vikram.reddygmail.com,9264385387,Bangalore,36,2024-01-05,UNKNOWN
916,Neha,Doe,neha.doe@gmail.com,9099428530,Bangalore,57,2023-05-31,ACTIVE
917,Kiran,Kumari,kiran.kumari@gmail.com,9821630715,Delhi,45,2023-05-29,INACTIVE
918,Priya,Sharma,priya.sharma@gmail.com,9036543655,Chennai,47,2025-01-13,UNKNOWN
919,Rakesh,Sharma,rakesh.sharma@gmail.com,9973302119,Bangalore,51,2024-04-18,UNKNOWN
920,John,Sharma,john.sharma@gmail.com,9626161805,Chennai,51,2023-05-13,UNKNOWN
921,Pooja,Kumari,pooja.kumari@gmail.com,notaphone,Bangalore,26,2023-10-31,INACTIVE
922,Suresh,Khan,suresh.khangmail.com,9573452362,Chennai,21,2024-01-13,INACTIVE
923,Ravi,Gupta,ravi.gupta@gmail.com,9594310562,Bangalore,40,2023-04-02,INACTIVE
924,Kiran,Singh,kiran.singh@gmail.com,9078417507,Mumbai,54,2023-11-16,INACTIVE
925,Rahul,Singh,rahul.singh@gmail.com,notaphone,Delhi,44,2023-08-14,ACTIVE
926,Priya,Doe,priya.doe@gmail.com,9879716719,Delhi,32,2023-09-25,ACTIVE
927,Arjun,Singh,arjun.singh@gmail.com,9022257557,Delhi,,2024-01-28,ACTIVE
928,Suresh,Sharma,suresh.sharmagmail.com,9373439767,Delhi,25,2023-04-04,INACTIVE
929,Rakesh,Patel,rakesh.patel@gmail.com,9291672032,Chennai,31,2024-09-06,ACTIVE
,Neha,Khan,neha.khan@gmail.com,9045717632,Mumbai,34,2023-01-09,INACTIVE
931,Meena,Doe,meena.doe@gmail.com,9021791388,Bangalore,19,2023-08-31,ACTIVE
932,Neha,Verma,neha.verma@gmail.com,9848875397,Pune,34,2023-04-12,UNKNOWN
933,John,Sharma,john.sharma@gmail.com,9404860115,Kolkata,24,2024-06-21,ACTIVE
934,Arjun,Patel,arjun.patel@gmail.com,9338584992,Delhi,24,2025-01-21,UNKNOWN
935,Vikram,Sharma,vikram.sharma@gmail.com,9590447144,Pune,51,2024-02-10,INACTIVE
936,Priya,Iyer,priya.iyer@gmail.com,9570319804,Bangalore,26,2023-12-02,INACTIVE
937,Meena,Patel,meena.patel@gmail.com,9838917423,Bangalore,60,2024-10-19,UNKNOWN
938,Amit,Yadav,amit.yadav@gmail.com,9569479098,Mumbai,20,2023-05-18,UNKNOWN
939,Arjun,Iyer,arjun.iyer@gmail.com,9110443785,Pune,59,2025-02-25,INACTIVE
940,Neha,Patel,neha.patel@gmail.com,9997881868,Pune,22,2024-07-13,ACTIVE
941,Pooja,Reddy,pooja.reddy@gmail.com,9214637243,Chennai,57,2024-11-13,UNKNOWN
942,Arjun,Yadav,arjun.yadav@gmail.com,9834615139,Hyderabad,41,2025-02-22,INACTIVE
943,Rakesh,Sharma,rakesh.sharma@gmail.com,9445873821,Mumbai,22,2024-04-08,ACTIVE
944,,Gupta,.gupta@gmail.com,9731233935,Bangalore,31,2023-01-13,INACTIVE
945,Neha,Yadav,neha.yadav@gmail.com,9411897830,Delhi,52,2023-04-30,INACTIVE
946,Ravi,Kumari,ravi.kumari@gmail.com,9831999829,Delhi,56,2023-01-24,UNKNOWN
947,Arjun,Iyer,arjun.iyer@gmail.com,9315471363,Mumbai,43,2024-09-18,INACTIVE
948,Sneha,Khan,sneha.khan@gmail.com,9821610691,Hyderabad,30,2023-09-03,INACTIVE
949,John,Yadav,john.yadav@gmail.com,9644147920,Kolkata,47,2024-11-26,INACTIVE
950,Meena,Reddy,meena.reddy@gmail.com,9100315859,Delhi,41,2023-02-14,ACTIVE
951,Neha,Patel,neha.patel@gmail.com,9759574233,Hyderabad,34,2023-06-28,INACTIVE
952,Meena,Reddy,meena.reddy@gmail.com,9175277224,Delhi,19,2023-02-27,UNKNOWN
953,Pooja,Nair,pooja.nair@gmail.com,9043570235,Bangalore,44,2023-11-21,ACTIVE
954,Rahul,Kumari,rahul.kumari@gmail.com,9877474063,Kolkata,37,2023-11-13,INACTIVE
abc,Neha,Reddy,neha.reddy@gmail.com,9378145983,Chennai,47,2023-12-14,ACTIVE
956,Rakesh,Patel,rakesh.patel@gmail.com,9335734195,Mumbai,,2023-08-31,INACTIVE
957,Rakesh,Singh,rakesh.singh@gmail.com,9394367190,Bangalore,19,2023-11-26,INACTIVE
958,Rakesh,Sharma,rakesh.sharma@gmail.com,9533482191,Pune,42,2024-08-19,INACTIVE
959,Ravi,Sharma,ravi.sharma@gmail.com,9969966890,Mumbai,51,2023-03-10,ACTIVE
960,Kiran,Yadav,kiran.yadav@gmail.com,9142597295,Chennai,34,2024-06-21,UNKNOWN
961,Rakesh,Patel,rakesh.patel@gmail.com,9219012012,Delhi,38,2023-12-02,ACTIVE
962,Pooja,Doe,pooja.doe@gmail.com,9377735901,Chennai,36,2024-08-26,INACTIVE
963,Sneha,Yadav,sneha.yadav@gmail.com,9117093078,Mumbai,37,2023-08-23,ACTIVE
964,,Doe,.doe@gmail.com,9279708973,Chennai,60,2025-01-28,ACTIVE
965,Meena,Iyer,meena.iyer@gmail.com,9294490543,Bangalore,36,2023-01-21,INACTIVE
966,Anita,Sharma,anita.sharma@gmail.com,9738374408,Delhi,35,2024-05-29,ACTIVE
967,Rahul,Iyer,rahul.iyer@gmail.com,9549764474,Delhi,58,2023-07-28,ACTIVE
968,Priya,Iyer,priya.iyergmail.com,9320634676,Mumbai,46,2023-10-30,INACTIVE
969,Sneha,Sharma,sneha.sharma@gmail.com,9371643397,Pune,45,2023-05-12,INACTIVE
970,Suresh,Sharma,suresh.sharma@gmail.com,9946788298,Hyderabad,43,2023-04-15,UNKNOWN
971,Anita,Khan,anita.khan@gmail.com,notaphone,Hyderabad,45,2023-09-23,ACTIVE
972,Suresh,Verma,suresh.verma@gmail.com,9182666300,Pune,39,2023-11-11,INACTIVE
973,Meena,Singh,meena.singh@gmail.com,9559357515,Pune,52,2023-09-06,INACTIVE
974,Rakesh,Singh,rakesh.singh@gmail.com,9167120827,Delhi,46,2024-05-15,ACTIVE
975,Rakesh,Gupta,rakesh.gupta@gmail.com,9309687653,Delhi,47,2023-10-07,UNKNOWN
976,Meena,Gupta,meena.gupta@gmail.com,9582078126,Bangalore,40,2024-02-02,INACTIVE
977,Vikram,Iyer,vikram.iyergmail.com,9716530927,Hyderabad,48,2023-12-24,ACTIVE
978,Amit,Reddy,amit.reddy@gmail.com,9516667551,Bangalore,52,2023-10-12,ACTIVE
979,Pooja,Iyer,pooja.iyer@gmail.com,9249086310,Pune,52,,ACTIVE
980,Suresh,Singh,suresh.singh@gmail.com,9514146402,Kolkata,48,2023-01-08,INACTIVE
981,Amit,Doe,amit.doe@gmail.com,notaphone,Chennai,46,2023-06-02,ACTIVE
982,Pooja,Yadav,pooja.yadav@gmail.com,9843584705,Kolkata,22,,ACTIVE
983,Amit,Sharma,amit.sharma@gmail.com,9551641330,Bangalore,29,2025-01-23,UNKNOWN
984,Pooja,Sharma,pooja.sharma@gmail.com,9724384229,Kolkata,21,2023-03-20,INACTIVE
985,Ravi,Gupta,ravi.gupta@gmail.com,9813108622,Kolkata,200,2024-01-07,UNKNOWN
,Kiran,Doe,kiran.doe@gmail.com,9518097812,Delhi,55,2024-03-12,ACTIVE
987,Vikram,Singh,vikram.singh@gmail.com,9171112420,Mumbai,52,2025-01-04,UNKNOWN
988,Priya,Khan,priya.khan@gmail.com,9190604740,Hyderabad,32,2025-01-23,INACTIVE
989,Meena,Iyer,meena.iyer@gmail.com,9737809006,Delhi,36,2023-05-15,INACTIVE
990,Rakesh,Gupta,rakesh.gupta@gmail.com,9119017189,Bangalore,43,2025-03-10,INACTIVE
991,Rahul,Doe,rahul.doe@gmail.com,9165105706,Delhi,39,2024-11-24,INACTIVE
992,Anita,Reddy,anita.reddy@gmail.com,9004730321,Hyderabad,19,2023-07-06,INACTIVE
993,Rakesh,Iyer,rakesh.iyer@gmail.com,9855914480,Delhi,19,2023-11-21,UNKNOWN
994,Sneha,Iyer,sneha.iyer@gmail.com,9430422965,Mumbai,43,2024-11-22,ACTIVE
995,Amit,Iyer,amit.iyer@gmail.com,9648711859,Hyderabad,41,2024-12-11,UNKNOWN
996,Rakesh,Sharma,rakesh.sharma@gmail.com,9215850775,Chennai,41,2023-06-04,INACTIVE
997,Vikram,Gupta,vikram.gupta@gmail.com,9025178580,Pune,35,2024-02-28,UNKNOWN
998,Priya,Singh,priya.singhgmail.com,9966951259,Bangalore,40,2023-03-09,ACTIVE
999,Ravi,Patel,ravi.patel@gmail.com,9992592877,Chennai,47,2024-06-02,INACTIVE
1000,Arjun,Sharma,arjun.sharma@gmail.com,9533705047,Kolkata,57,2023-03-06,INACTIVE
1001,Neha,Verma,neha.verma@gmail.com,9778505772,Pune,41,2024-10-25,INACTIVE
abc,Meena,Gupta,meena.gupta@gmail.com,9850045135,Mumbai,55,2024-07-05,UNKNOWN
1003,Sneha,Sharma,sneha.sharma@gmail.com,9314587014,Delhi,27,2024-11-20,INACTIVE
1004,Pooja,Nair,pooja.nair@gmail.com,9793546768,Hyderabad,57,2024-08-21,UNKNOWN
1005,Meena,Kumari,meena.kumari@gmail.com,9183190086,Kolkata,38,2024-02-19,ACTIVE
1006,Rakesh,Verma,rakesh.verma@gmail.com,9563114868,Chennai,38,2024-12-26,UNKNOWN
1007,Ravi,Nair,ravi.nair@gmail.com,9282299558,Kolkata,43,2024-07-19,UNKNOWN
1008,Vikram,Khan,vikram.khan@gmail.com,9328574536,Hyderabad,,2024-02-10,INACTIVE
1009,Arjun,Gupta,arjun.guptagmail.com,notaphone,Chennai,56,2024-05-11,UNKNOWN
1010,Pooja,Kumari,pooja.kumarigmail.com,9265961848,Kolkata,49,2023-04-21,ACTIVE
1011,,Yadav,.yadav@gmail.com,9836426866,Mumbai,29,2024-05-13,INACTIVE
1012,Amit,Kumari,amit.kumari@gmail.com,9864242272,Hyderabad,51,2023-07-12,INACTIVE
abc,John,Sharma,john.sharma@gmail.com,9102935268,Bangalore,54,2024-05-18,ACTIVE
1014,Pooja,Doe,pooja.doe@gmail.com,9602396953,Chennai,58,2025-02-10,ACTIVE
1015,Ravi,Nair,ravi.nair@gmail.com,9730418210,Mumbai,43,2023-06-01,UNKNOWN
1016,Meena,Reddy,meena.reddy@gmail.com,9388418962,Mumbai,48,2024-04-09,ACTIVE
1017,Vikram,Yadav,vikram.yadav@gmail.com,9845252797,Hyderabad,36,2023-09-17,INACTIVE
1018,Rakesh,Sharma,rakesh.sharma@gmail.com,9105639163,Bangalore,21,2024-08-07,INACTIVE
1019,Amit,Doe,amit.doe@gmail.com,9288823462,Delhi,25,2023-07-19,UNKNOWN
1020,Priya,Khan,priya.khan@gmail.com,9199755011,Hyderabad,57,2024-09-22,ACTIVE
1021,John,Nair,john.nair@gmail.com,9695195944,Chennai,35,2023-04-18,INACTIVE
1022,Amit,Sharma,amit.sharma@gmail.com,9513687392,Kolkata,27,2023-11-10,ACTIVE
1023,Pooja,Doe,pooja.doe@gmail.com,9142970818,Hyderabad,58,2024-03-12,ACTIVE
1024,Rakesh,Kumari,rakesh.kumari@gmail.com,9992950775,Mumbai,38,2024-10-28,INACTIVE
1025,Ravi,Reddy,ravi.reddy@gmail.com,9687875172,Pune,59,2024-09-04,UNKNOWN
1026,Arjun,Nair,arjun.nair@gmail.com,9209061868,Kolkata,47,2024-10-14,UNKNOWN
,Vikram,Khan,vikram.khan@gmail.com,9097968238,Delhi,40,2024-08-29,INACTIVE
1028,Priya,Nair,priya.nair@gmail.com,9388570152,Delhi,29,2024-12-19,INACTIVE
1029,Rakesh,Yadav,rakesh.yadavgmail.com,9660294306,Chennai,51,2024-06-13,ACTIVE
1030,Rakesh,Reddy,rakesh.reddy@gmail.com,9367493543,Hyderabad,32,2023-04-05,UNKNOWN
1031,Neha,Reddy,neha.reddy@gmail.com,9733452241,Bangalore,26,2024-06-12,UNKNOWN
1032,Sneha,Kumari,sneha.kumarigmail.com,9083204182,Kolkata,44,2023-09-08,UNKNOWN
abc,Rahul,Khan,rahul.khan@gmail.com,9121293609,Delhi,48,2025-02-03,INACTIVE
1034,Neha,Reddy,neha.reddygmail.com,9756452232,Chennai,48,2023-05-17,INACTIVE
1035,Arjun,Reddy,arjun.reddy@gmail.com,9456941088,Bangalore,25,2023-04-05,INACTIVE
1036,Rakesh,Reddy,rakesh.reddy@gmail.com,9705029635,Chennai,51,2024-07-13,UNKNOWN
1037,Suresh,Yadav,suresh.yadav@gmail.com,9734738883,Pune,,2023-07-20,UNKNOWN
1038,Neha,Doe,neha.doegmail.com,9987618934,Bangalore,33,2024-06-12,UNKNOWN
1039,Meena,Patel,meena.patel@gmail.com,9153284012,Pune,38,2023-01-23,INACTIVE
1040,Kiran,Doe,kiran.doe@gmail.com,9097856803,Mumbai,60,2024-08-06,UNKNOWN
1041,John,Sharma,john.sharma@gmail.com,9751145249,Mumbai,31,2024-05-05,INACTIVE
1042,Suresh,Reddy,suresh.reddy@gmail.com,9292085342,Bangalore,31,,UNKNOWN
abc,Sneha,Sharma,sneha.sharma@gmail.com,9861082425,Bangalore,47,2023-01-30,INACTIVE
1044,Arjun,Iyer,arjun.iyergmail.com,9713871075,Chennai,26,2023-05-28,ACTIVE
1045,Suresh,Kumari,suresh.kumari@gmail.com,9933798245,Mumbai,54,2023-06-18,ACTIVE
1046,Anita,Kumari,anita.kumari@gmail.com,9691982391,Hyderabad,44,2023-05-12,UNKNOWN
,Arjun,Reddy,arjun.reddygmail.com,9792857865,Kolkata,20,2023-02-10,INACTIVE
1048,Sneha,Iyer,sneha.iyer@gmail.com,9608340474,Pune,29,2024-05-23,ACTIVE
1049,Vikram,Yadav,vikram.yadav@gmail.com,9824546959,Bangalore,33,2023-09-04,UNKNOWN
1050,Suresh,Verma,suresh.verma@gmail.com,9221348485,Kolkata,52,2023-11-29,UNKNOWN
1051,Anita,Khan,anita.khan@gmail.com,9070039368,Chennai,60,2023-04-30,UNKNOWN
1052,John,Yadav,john.yadav@gmail.com,9747659772,Pune,20,2024-06-01,UNKNOWN
1053,Sneha,Singh,sneha.singh@gmail.com,9664453992,Kolkata,54,2024-12-26,UNKNOWN
1054,Ravi,Nair,ravi.nair@gmail.com,9929895319,Hyderabad,60,,INACTIVE
1055,Anita,Khan,anita.khangmail.com,9893220123,Hyderabad,,2024-08-27,ACTIVE
1056,Meena,Patel,meena.patel@gmail.com,9580964209,Kolkata,22,2023-09-27,ACTIVE
1057,Neha,Reddy,neha.reddy@gmail.com,9906867546,Hyderabad,,2025-01-29,INACTIVE
,Rakesh,Khan,rakesh.khan@gmail.com,9910855149,Bangalore,52,2023-03-30,INACTIVE
,Rakesh,Verma,rakesh.verma@gmail.com,9588178986,Bangalore,51,2025-02-04,UNKNOWN
1060,Vikram,Gupta,vikram.gupta@gmail.com,9089299883,Delhi,42,2023-09-02,ACTIVE
1061,Arjun,Doe,arjun.doe@gmail.com,9250211190,Pune,57,2024-08-01,INACTIVE
1062,John,Verma,john.verma@gmail.com,9429333846,Kolkata,21,2023-09-28,UNKNOWN
1063,Amit,Singh,amit.singh@gmail.com,9485814378,Pune,47,2023-01-18,ACTIVE
1064,Arjun,Singh,arjun.singh@gmail.com,9415661009,Chennai,56,2023-04-06,UNKNOWN
1065,Priya,Iyer,priya.iyer@gmail.com,9745687448,Pune,35,2024-09-26,INACTIVE
1066,John,Reddy,john.reddy@gmail.com,9430884773,Bangalore,43,2023-08-25,ACTIVE
1067,Ravi,Nair,ravi.nair@gmail.com,9427241113,Chennai,55,2025-01-10,ACTIVE
1068,,Doe,.doe@gmail.com,9998154236,Bangalore,53,2024-09-25,ACTIVE
1069,,Iyer,.iyer@gmail.com,9864961018,Hyderabad,35,2025-01-18,ACTIVE
1070,Kiran,Doe,kiran.doe@gmail.com,9990359720,Pune,59,2023-02-14,UNKNOWN
1071,John,Doe,john.doe@gmail.com,9459167518,Hyderabad,55,2023-07-17,INACTIVE
1072,Meena,Doe,meena.doe@gmail.com,9973743874,Bangalore,37,2023-09-06,ACTIVE
1073,Sneha,Doe,sneha.doe@gmail.com,9964276115,Mumbai,29,2024-08-21,INACTIVE
1074,Arjun,Doe,arjun.doe@gmail.com,9889570388,Kolkata,18,2024-08-30,UNKNOWN
1075,Ravi,Gupta,ravi.gupta@gmail.com,9164279436,Delhi,49,2024-10-31,UNKNOWN
1076,Ravi,Khan,ravi.khan@gmail.com,9921203270,Chennai,28,2023-07-20,ACTIVE
1077,Amit,Kumari,amit.kumari@gmail.com,9090253324,Kolkata,,,UNKNOWN
1078,Pooja,Gupta,pooja.gupta@gmail.com,9710217995,Kolkata,58,2023-04-15,UNKNOWN
1079,Pooja,Singh,pooja.singh@gmail.com,9353357179,Kolkata,18,2023-12-12,UNKNOWN
1080,Anita,Nair,anita.nair@gmail.com,9332583674,Bangalore,57,2024-07-11,UNKNOWN
1081,Priya,Iyer,priya.iyer@gmail.com,9422604064,Mumbai,19,2024-01-09,UNKNOWN
1082,Meena,Sharma,meena.sharmagmail.com,9610326457,Kolkata,38,2024-01-27,UNKNOWN
1083,Meena,Patel,meena.patel@gmail.com,9302359092,Delhi,52,2023-11-16,ACTIVE
1084,Pooja,Khan,pooja.khan@gmail.com,9798250718,Delhi,,2025-03-04,ACTIVE
1085,John,Iyer,john.iyer@gmail.com,9053802893,Delhi,42,2024-05-24,INACTIVE
1086,John,Doe,john.doe@gmail.com,9265427191,Pune,52,2023-05-25,INACTIVE
1087,,Singh,.singh@gmail.com,9622500282,Kolkata,41,2024-04-24,UNKNOWN
1088,Priya,Gupta,priya.guptagmail.com,9544704681,Pune,200,2024-12-22,UNKNOWN
1089,Rahul,Khan,rahul.khan@gmail.com,9265593668,Mumbai,48,2024-12-24,INACTIVE
1090,Vikram,Khan,vikram.khangmail.com,9814231802,Chennai,43,2023-06-08,INACTIVE
1091,Arjun,Kumari,arjun.kumari@gmail.com,9893552787,Mumbai,52,2023-06-08,INACTIVE
1092,Amit,Sharma,amit.sharmagmail.com,9092651660,Chennai,41,2025-02-12,INACTIVE
1093,Arjun,Verma,arjun.verma@gmail.com,9809593203,Delhi,54,2024-10-16,UNKNOWN
1094,Rahul,Sharma,rahul.sharma@gmail.com,9179220469,Kolkata,42,,ACTIVE
1095,Ravi,Verma,ravi.verma@gmail.com,9842678655,Kolkata,48,2024-05-27,INACTIVE
1096,Arjun,Reddy,arjun.reddy@gmail.com,9827410435,Chennai,21,2024-03-10,ACTIVE
abc,Amit,Reddy,amit.reddy@gmail.com,9298879682,Mumbai,23,2023-10-08,ACTIVE
1098,Anita,Patel,anita.patel@gmail.com,9730967732,Pune,30,2023-11-07,ACTIVE
1099,Rahul,Yadav,rahul.yadavgmail.com,9371348406,Mumbai,38,2024-02-11,INACTIVE
